{"type": "FeatureCollection", "features": [
{"id":"9a6feaf0-2953-4978-ba38-6e46b271ad24","type":"Feature","geometry":{"type":"Polygon","coordinates":[[[26.1319623,44.4236902],[26.1318696,44.42362],[26.1321098,44.4234581],[26.1322026,44.4235283],[26.1319623,44.4236902]]]},"properties":{"sources":[{"property":"","dataset":"OpenStreetMap","license":"ODbL-1.0","record_id":"w41591034@3","update_time":"2021-02-24T12:02:06.000Z","confidence":null,"between":null,"provider":"osm","resource":"planet","version":"2026-08-02T00:00:00.000Z"}],"is_underground":false,"subtype":"service","class":"service","has_parts":false,"version":1}},
{"id":"c2f5b770-e41a-4d6e-a811-6f16b30ddb26","type":"Feature","geometry":{"type":"Polygon","coordinates":[[[26.1323732,44.4232391],[26.132765,44.4235384],[26.1326562,44.423611],[26.1322644,44.4233118],[26.1323732,44.4232391]]]},"properties":{"names":{"primary":"Bl. D24","common":null,"rules":null},"sources":[{"property":"","dataset":"OpenStreetMap","license":"ODbL-1.0","record_id":"w41591036@7","update_time":"2022-10-17T08:22:42.000Z","confidence":null,"between":null,"provider":"osm","resource":"planet","version":"2026-08-02T00:00:00.000Z"}],"is_underground":false,"num_floors":5,"subtype":"residential","class":"apartments","roof_shape":"flat","has_parts":false,"version":1}},
{"id":"7e47640e-e9a2-4db0-b43c-e6d729e9ad6d","type":"Feature","geometry":{"type":"Polygon","coordinates":[[[26.1327172,44.42313],[26.1326363,44.423189],[26.1325903,44.4231569],[26.1326712,44.4230979],[26.1327172,44.42313]]]},"properties":{"sources":[{"property":"","dataset":"OpenStreetMap","license":"ODbL-1.0","record_id":"w537606225@1","update_time":"2017-11-02T06:24:11.000Z","confidence":null,"between":null,"provider":"osm","resource":"planet","version":"2026-08-02T00:00:00.000Z"}],"is_underground":false,"has_parts":false,"version":1}},
{"id":"5c04cca8-683d-40e6-9463-ae0fe1d87cee","type":"Feature","geometry":{"type":"Polygon","coordinates":[[[26.1327648,44.4231975],[26.132664,44.4232703],[26.1326063,44.4232281],[26.1328257,44.4230771],[26.1328775,44.4231161],[26.1327648,44.4231975]]]},"properties":{"sources":[{"property":"","dataset":"OpenStreetMap","license":"ODbL-1.0","record_id":"w537606209@2","update_time":"2026-03-01T20:17:43.000Z","confidence":null,"between":null,"provider":"osm","resource":"planet","version":"2026-08-02T00:00:00.000Z"}],"is_underground":false,"has_parts":false,"version":1}},
{"id":"223a00fd-7a0b-4ad0-8966-bb69896e97a1","type":"Feature","geometry":{"type":"Polygon","coordinates":[[[26.1327092,44.4233032],[26.132664,44.4232703],[26.1327648,44.4231975],[26.132811,44.4232279],[26.1327092,44.4233032]]]},"properties":{"sources":[{"property":"","dataset":"OpenStreetMap","license":"ODbL-1.0","record_id":"w1484381825@1","update_time":"2026-03-01T20:17:43.000Z","confidence":null,"between":null,"provider":"osm","resource":"planet","version":"2026-08-02T00:00:00.000Z"}],"is_underground":false,"has_parts":false,"version":1}},
{"id":"f50ec4df-afe9-49a2-a5a2-d04d8c7df78c","type":"Feature","geometry":{"type":"Polygon","coordinates":[[[26.1328242,44.4230592],[26.1327678,44.4230937],[26.1326552,44.423015],[26.1327114,44.4229792],[26.1328242,44.4230592]]]},"properties":{"sources":[{"property":"","dataset":"OpenStreetMap","license":"ODbL-1.0","record_id":"w537606210@1","update_time":"2019-09-23T11:17:49.000Z","confidence":null,"between":null,"provider":"osm","resource":"planet","version":"2026-08-02T00:00:00.000Z"}],"is_underground":false,"has_parts":false,"version":1}},
{"id":"849b5131-2b12-4381-a8b8-4d855a177ede","type":"Feature","geometry":{"type":"Polygon","coordinates":[[[26.1326848,44.4230667],[26.1325668,44.4231499],[26.1324862,44.4230916],[26.1326042,44.4230084],[26.1326848,44.4230667]]]},"properties":{"sources":[{"property":"","dataset":"OpenStreetMap","license":"ODbL-1.0","record_id":"w537606212@1","update_time":"2017-11-02T06:24:10.000Z","confidence":null,"between":null,"provider":"osm","resource":"planet","version":"2026-08-02T00:00:00.000Z"}],"is_underground":false,"has_parts":false,"version":1}},
{"id":"2f42c76f-67b8-4b4e-a078-f3619a4aca13","type":"Feature","geometry":{"type":"Polygon","coordinates":[[[26.1326292,44.422971],[26.1324754,44.4230831],[26.13237,44.4230094],[26.1324432,44.422956],[26.1324807,44.4229822],[26.1325613,44.4229235],[26.1326292,44.422971]]]},"properties":{"sources":[{"property":"","dataset":"OpenStreetMap","license":"ODbL-1.0","record_id":"w537606223@1","update_time":"2017-11-02T06:24:11.000Z","confidence":null,"between":null,"provider":"osm","resource":"planet","version":"2026-08-02T00:00:00.000Z"}],"is_underground":false,"has_parts":false,"version":1}},
{"id":"a18e33b3-2ee4-4057-aa10-6f49e2f10595","type":"Feature","geometry":{"type":"Polygon","coordinates":[[[26.1324539,44.4229366],[26.1323708,44.4229959],[26.1323199,44.4229596],[26.132403,44.4229002],[26.1324539,44.4229366]]]},"properties":{"sources":[{"property":"","dataset":"OpenStreetMap","license":"ODbL-1.0","record_id":"w537606196@1","update_time":"2017-11-02T06:24:09.000Z","confidence":null,"between":null,"provider":"osm","resource":"planet","version":"2026-08-02T00:00:00.000Z"}],"is_underground":false,"has_parts":false,"version":1}},
{"id":"40069a2d-a42f-4c0b-b181-6c4a2a1997bd","type":"Feature","geometry":{"type":"Polygon","coordinates":[[[26.1324548,44.4228465],[26.1323064,44.422957],[26.1322626,44.422927],[26.132411,44.4228165],[26.1324548,44.4228465]]]},"properties":{"sources":[{"property":"","dataset":"OpenStreetMap","license":"ODbL-1.0","record_id":"w537606199@1","update_time":"2017-11-02T06:24:09.000Z","confidence":null,"between":null,"provider":"osm","resource":"planet","version":"2026-08-02T00:00:00.000Z"}],"is_underground":false,"has_parts":false,"version":1}},
{"id":"724673e4-915f-41f7-95f1-8b0c8c0a60bf","type":"Feature","geometry":{"type":"Polygon","coordinates":[[[26.1325664,44.4228545],[26.1324911,44.4229131],[26.1324332,44.422881],[26.1324718,44.4228499],[26.1324208,44.4228177],[26.1324635,44.4227878],[26.1325664,44.4228545]]]},"properties":{"sources":[{"property":"","dataset":"OpenStreetMap","license":"ODbL-1.0","record_id":"w537606207@1","update_time":"2019-09-23T11:17:49.000Z","confidence":null,"between":null,"provider":"osm","resource":"planet","version":"2026-08-02T00:00:00.000Z"}],"is_underground":false,"has_parts":false,"version":1}},
{"id":"879f982b-1565-4ce5-804d-7796d9a852c7","type":"Feature","geometry":{"type":"Polygon","coordinates":[[[26.1324088,44.4227865],[26.132237,44.4229158],[26.1321932,44.4228862],[26.1322541,44.4228403],[26.1322062,44.4228078],[26.1323171,44.4227243],[26.1324088,44.4227865]]]},"properties":{"sources":[{"property":"","dataset":"OpenStreetMap","license":"ODbL-1.0","record_id":"w537606213@1","update_time":"2026-03-01T20:17:43.000Z","confidence":null,"between":null,"provider":"osm","resource":"planet","version":"2026-08-02T00:00:00.000Z"}],"is_underground":false,"has_parts":false,"version":2}},
{"id":"3f7afd3a-8020-4105-bcc7-f6d6d01ec308","type":"Feature","geometry":{"type":"Polygon","coordinates":[[[26.1333125,44.4231848],[26.1331996,44.4232766],[26.1330362,44.4231829],[26.1324829,44.4227704],[26.1327814,44.4224578],[26.1333468,44.4227464],[26.1335967,44.4228743],[26.1335134,44.4229625],[26.1332605,44.4228269],[26.1328431,44.4226101],[26.1326795,44.4227749],[26.1331328,44.4230852],[26.1333521,44.4228953],[26.133482,44.4229686],[26.1332737,44.4231581],[26.1333125,44.4231848]]]},"properties":{"sources":[{"property":"","dataset":"OpenStreetMap","license":"ODbL-1.0","record_id":"w249064463@4","update_time":"2024-03-11T22:07:53.000Z","confidence":null,"between":null,"provider":"osm","resource":"planet","version":"2026-08-02T00:00:00.000Z"}],"is_underground":false,"num_floors":4,"has_parts":false,"version":1}},
{"id":"f7e9c454-11e7-4681-8368-9901ceb8af87","type":"Feature","geometry":{"type":"Polygon","coordinates":[[[26.1330449,44.4232192],[26.1328483,44.4233622],[26.1328059,44.4233331],[26.1330025,44.4231882],[26.1330449,44.4232192]]]},"properties":{"sources":[{"property":"","dataset":"OpenStreetMap","license":"ODbL-1.0","record_id":"w537606220@1","update_time":"2019-09-23T11:17:49.000Z","confidence":null,"between":null,"provider":"osm","resource":"planet","version":"2026-08-02T00:00:00.000Z"}],"is_underground":false,"has_parts":false,"version":1}},
{"id":"dad03ad1-fa2e-43bc-8622-ee5bb691be36","type":"Feature","geometry":{"type":"Polygon","coordinates":[[[26.1329716,44.4231932],[26.1328,44.4233255],[26.1327597,44.4233006],[26.1328295,44.4232545],[26.1328111,44.4232433],[26.1329213,44.4231645],[26.1329716,44.4231932]]]},"properties":{"sources":[{"property":"","dataset":"OpenStreetMap","license":"ODbL-1.0","record_id":"w537606204@1","update_time":"2017-11-02T06:24:10.000Z","confidence":null,"between":null,"provider":"osm","resource":"planet","version":"2026-08-02T00:00:00.000Z"}],"is_underground":false,"has_parts":false,"version":1}},
{"id":"c30f8160-832a-46f6-a5cd-6ba53125c632","type":"Feature","geometry":{"type":"Polygon","coordinates":[[[26.1328625,44.4246117],[26.1327782,44.4245601],[26.1329123,44.4244397],[26.1330033,44.4245046],[26.1328625,44.4246117]]]},"properties":{"sources":[{"property":"","dataset":"OpenStreetMap","license":"ODbL-1.0","record_id":"w230152304@1","update_time":"2019-02-07T22:40:35.000Z","confidence":null,"between":null,"provider":"osm","resource":"planet","version":"2026-08-02T00:00:00.000Z"}],"is_underground":false,"has_parts":false,"version":1}},
{"id":"17a2ae6e-0e2f-4bdf-bcd8-ad8f58818b82","type":"Feature","geometry":{"type":"Polygon","coordinates":[[[26.1328059,44.4250479],[26.132710199999998,44.4249898],[26.132836,44.4248842],[26.1329316,44.4249422],[26.1328059,44.4250479]]]},"properties":{"sources":[{"property":"","dataset":"OpenStreetMap","license":"ODbL-1.0","record_id":"w260094587@1","update_time":"2014-02-05T12:02:39.000Z","confidence":null,"between":null,"provider":"osm","resource":"planet","version":"2026-08-02T00:00:00.000Z"}],"is_underground":false,"has_parts":false,"version":1}},
{"id":"bbd88810-4133-462e-bca0-1c584a4d6409","type":"Feature","geometry":{"type":"Polygon","coordinates":[[[26.1324825,44.4249497],[26.1322865,44.4250688],[26.1321985,44.4249949],[26.1323822,44.424878],[26.1324825,44.4249497]]]},"properties":{"sources":[{"property":"","dataset":"OpenStreetMap","license":"ODbL-1.0","record_id":"w224715660@1","update_time":"2013-06-07T08:39:24.000Z","confidence":null,"between":null,"provider":"osm","resource":"planet","version":"2026-08-02T00:00:00.000Z"}],"is_underground":false,"has_parts":false,"version":1}},
{"id":"bf584c5e-5630-4aca-895f-0346822b550b","type":"Feature","geometry":{"type":"Polygon","coordinates":[[[26.1322406,44.4247292],[26.1322836,44.4247121],[26.1323189,44.4247574],[26.1322759,44.4247745],[26.1322406,44.4247292]]]},"properties":{"sources":[{"property":"","dataset":"Microsoft ML Buildings","license":"ODbL-1.0","record_id":null,"update_time":"2019-07-27T00:00:00.000Z","confidence":null,"between":null,"provider":"microsoft","resource":"ml_buildings","version":"2025-02-25"}],"is_underground":false,"has_parts":false,"version":3}},
{"id":"e8000ae2-a1f1-4e92-9006-2ac85a067f88","type":"Feature","geometry":{"type":"Polygon","coordinates":[[[26.1325113,44.424898],[26.1324126,44.4248327],[26.1325644,44.4247159],[26.132663,44.4247813],[26.1325113,44.424898]]]},"properties":{"sources":[{"property":"","dataset":"OpenStreetMap","license":"ODbL-1.0","record_id":"w260094593@1","update_time":"2014-02-05T12:02:39.000Z","confidence":null,"between":null,"provider":"osm","resource":"planet","version":"2026-08-02T00:00:00.000Z"}],"is_underground":false,"has_parts":false,"version":1}},
{"id":"94599c57-7f54-4b5c-90e5-0165defc37d8","type":"Feature","geometry":{"type":"Polygon","coordinates":[[[26.1324341,44.424592],[26.13227,44.4246653],[26.1322061,44.4245922],[26.1322634,44.4245667],[26.1322532,44.424555],[26.1323146,44.4245276],[26.1323257,44.4245403],[26.132371,44.42452],[26.1324341,44.424592]]]},"properties":{"sources":[{"property":"","dataset":"OpenStreetMap","license":"ODbL-1.0","record_id":"w224713609@1","update_time":"2019-05-16T13:06:46.000Z","confidence":null,"between":null,"provider":"osm","resource":"planet","version":"2026-08-02T00:00:00.000Z"}],"is_underground":false,"has_parts":false,"version":1}},
{"id":"d2c86f36-00d8-4a1a-aa82-21a939dab872","type":"Feature","geometry":{"type":"Polygon","coordinates":[[[26.1326604,44.4245151],[26.1324779,44.4245845],[26.1324098,44.4244933],[26.1325923,44.4244238],[26.1326604,44.4245151]]]},"properties":{"sources":[{"property":"","dataset":"OpenStreetMap","license":"ODbL-1.0","record_id":"w224715652@1","update_time":"2019-05-16T13:18:05.000Z","confidence":null,"between":null,"provider":"osm","resource":"planet","version":"2026-08-02T00:00:00.000Z"}],"is_underground":false,"has_parts":false,"version":1}},
{"id":"7d9895fd-4ce2-462f-8c9f-2eecb0ab2088","type":"Feature","geometry":{"type":"Polygon","coordinates":[[[26.1327111,44.4247489],[26.1326057,44.4246816],[26.132757,44.4245608],[26.1328624,44.4246281],[26.1327111,44.4247489]]]},"properties":{"sources":[{"property":"","dataset":"OpenStreetMap","license":"ODbL-1.0","record_id":"w230152302@1","update_time":"2013-07-16T20:12:00.000Z","confidence":null,"between":null,"provider":"osm","resource":"planet","version":"2026-08-02T00:00:00.000Z"}],"is_underground":false,"has_parts":false,"version":1}},
{"id":"03fdfd5a-5cb6-4b9b-8bac-af6d9ffc3ce0","type":"Feature","geometry":{"type":"Polygon","coordinates":[[[26.1327541,44.4244593],[26.1327083,44.4244812],[26.1326389,44.4244051],[26.1326586,44.4243884],[26.1326706,44.4243708],[26.1327323,44.424342],[26.132741,44.4243502],[26.1327628,44.4243424],[26.1328065,44.4243416],[26.132824,44.4243603],[26.1328622,44.4243494],[26.132884,44.4244071],[26.1328131,44.424432],[26.1328043,44.424421100000004],[26.1327454,44.4244391],[26.1327541,44.4244593]]]},"properties":{"sources":[{"property":"","dataset":"OpenStreetMap","license":"ODbL-1.0","record_id":"w224713557@1","update_time":"2019-05-16T13:18:05.000Z","confidence":null,"between":null,"provider":"osm","resource":"planet","version":"2026-08-02T00:00:00.000Z"}],"is_underground":false,"has_parts":false,"version":1}},
{"id":"9dfe7400-5cb1-4e79-a7cd-237d8afe78cb","type":"Feature","geometry":{"type":"Polygon","coordinates":[[[26.1330936,44.4238529],[26.1325778,44.4240651],[26.1324976,44.4239657],[26.1326275,44.4239123],[26.1326477,44.4239374],[26.1329042,44.4238319],[26.1328641,44.4237821],[26.1329935,44.4237288],[26.1330936,44.4238529]]]},"properties":{"names":{"primary":"Bl. D18","common":null,"rules":null},"sources":[{"property":"","dataset":"OpenStreetMap","license":"ODbL-1.0","record_id":"w41591035@6","update_time":"2021-02-24T12:03:36.000Z","confidence":null,"between":null,"provider":"osm","resource":"planet","version":"2026-08-02T00:00:00.000Z"}],"is_underground":false,"num_floors":5,"subtype":"residential","class":"apartments","roof_shape":"flat","has_parts":false,"version":1}},
{"id":"d6402bae-4ad0-4121-b9fa-177ff2471fb2","type":"Feature","geometry":{"type":"Polygon","coordinates":[[[26.132505599999998,44.4237863],[26.1321739,44.4239276],[26.1320929,44.4238306],[26.1324246,44.4236893],[26.132505599999998,44.4237863]]]},"properties":{"names":{"primary":"Bl. D22","common":null,"rules":null},"sources":[{"property":"","dataset":"OpenStreetMap","license":"ODbL-1.0","record_id":"w41591038@7","update_time":"2022-10-17T08:22:42.000Z","confidence":null,"between":null,"provider":"osm","resource":"planet","version":"2026-08-02T00:00:00.000Z"}],"is_underground":false,"num_floors":5,"subtype":"residential","class":"apartments","has_parts":false,"version":1}},
{"id":"211f2b3f-ecc9-48ee-8052-5997265d6751","type":"Feature","geometry":{"type":"Polygon","coordinates":[[[26.1323948,44.4241315],[26.1318858,44.4243227],[26.1317989,44.4242275],[26.1319366,44.4241758],[26.1323254,44.4240373],[26.1323948,44.4241315]]]},"properties":{"names":{"primary":"Bl. D19A","common":null,"rules":null},"sources":[{"property":"","dataset":"OpenStreetMap","license":"ODbL-1.0","record_id":"w41591030@7","update_time":"2021-02-24T12:03:40.000Z","confidence":null,"between":null,"provider":"osm","resource":"planet","version":"2026-08-02T00:00:00.000Z"}],"is_underground":false,"num_floors":5,"subtype":"residential","class":"apartments","roof_shape":"flat","has_parts":false,"version":1}},
{"id":"11ca3922-35e0-46db-8fce-fed70ef61a9b","type":"Feature","geometry":{"type":"Polygon","coordinates":[[[26.1316242,44.42392],[26.1315874,44.4239272],[26.1314925,44.4237993],[26.13164,44.4237435],[26.1317149,44.4238445],[26.1317484,44.4238318],[26.1318945,44.4240286],[26.1318378,44.42405],[26.1319366,44.4241758],[26.1317989,44.4242275],[26.1316842,44.4240604],[26.1317172,44.4240471],[26.1316242,44.42392]]]},"properties":{"names":{"primary":"Bl. D19B","common":null,"rules":null},"sources":[{"property":"","dataset":"OpenStreetMap","license":"ODbL-1.0","record_id":"w41591029@8","update_time":"2021-02-24T12:03:47.000Z","confidence":null,"between":null,"provider":"osm","resource":"planet","version":"2026-08-02T00:00:00.000Z"}],"is_underground":false,"num_floors":5,"subtype":"residential","class":"apartments","roof_shape":"flat","has_parts":false,"version":1}},
{"id":"deaf2e53-f997-4270-9602-f5fe46a7f710","type":"Feature","geometry":{"type":"Polygon","coordinates":[[[26.1320081,44.4245095],[26.1320422,44.4245706],[26.1319334,44.4246016],[26.1318992,44.4245404],[26.1320081,44.4245095]]]},"properties":{"sources":[{"property":"","dataset":"Microsoft ML Buildings","license":"ODbL-1.0","record_id":null,"update_time":"2019-07-27T00:00:00.000Z","confidence":null,"between":null,"provider":"microsoft","resource":"ml_buildings","version":"2025-02-25"}],"is_underground":false,"has_parts":false,"version":3}},
{"id":"60e40414-72fa-4988-ae76-45dffe12ef4f","type":"Feature","geometry":{"type":"Polygon","coordinates":[[[26.1322036,44.4246951],[26.1320082,44.4247801],[26.1319493,44.4246889],[26.132137,44.4246055],[26.1322036,44.4246951]]]},"properties":{"sources":[{"property":"","dataset":"OpenStreetMap","license":"ODbL-1.0","record_id":"w224713577@1","update_time":"2017-11-02T06:35:35.000Z","confidence":null,"between":null,"provider":"osm","resource":"planet","version":"2026-08-02T00:00:00.000Z"}],"is_underground":false,"has_parts":false,"version":1}},
{"id":"278dd9db-b464-46e6-90b8-0471d496c984","type":"Feature","geometry":{"type":"Polygon","coordinates":[[[26.1320299,44.4249598],[26.1321006,44.4249438],[26.1321285,44.4250064],[26.1320773,44.425018],[26.1320672,44.4249954],[26.1320477,44.4249998],[26.1320299,44.4249598]]]},"properties":{"sources":[{"property":"","dataset":"Microsoft ML Buildings","license":"ODbL-1.0","record_id":null,"update_time":"2019-07-27T00:00:00.000Z","confidence":null,"between":null,"provider":"microsoft","resource":"ml_buildings","version":"2025-02-25"}],"is_underground":false,"has_parts":false,"version":3}},
{"id":"f85705cb-3a8b-4867-8d93-d69a51cafa6b","type":"Feature","geometry":{"type":"Polygon","coordinates":[[[26.1320243,44.4249777],[26.1318787,44.4250301],[26.1317886,44.4249025],[26.1319342,44.4248501],[26.1320243,44.4249777]]]},"properties":{"sources":[{"property":"","dataset":"OpenStreetMap","license":"ODbL-1.0","record_id":"w249250076@1","update_time":"2013-11-30T19:33:58.000Z","confidence":null,"between":null,"provider":"osm","resource":"planet","version":"2026-08-02T00:00:00.000Z"}],"is_underground":false,"has_parts":false,"version":1}},
{"id":"61f2e081-1be6-4347-9636-0adce9a46163","type":"Feature","geometry":{"type":"Polygon","coordinates":[[[26.1318676,44.4248207],[26.1317215,44.4248821],[26.1316614,44.4248093],[26.1318075,44.4247478],[26.1318676,44.4248207]]]},"properties":{"sources":[{"property":"","dataset":"OpenStreetMap","license":"ODbL-1.0","record_id":"w536476153@1","update_time":"2019-02-07T22:40:37.000Z","confidence":null,"between":null,"provider":"osm","resource":"planet","version":"2026-08-02T00:00:00.000Z"}],"is_underground":false,"has_parts":false,"version":1}},
{"id":"7fd61dfd-c8bc-49fa-9d27-3281dc634795","type":"Feature","geometry":{"type":"Polygon","coordinates":[[[26.1316655,44.4243972],[26.1312339,44.4245584],[26.1312161,44.4245399],[26.1311394,44.4245641],[26.1310711,44.4244667],[26.1312014,44.4244259],[26.1312202,44.4244489],[26.1313395,44.4244039],[26.131475,44.4243589],[26.1314374,44.4243053],[26.1315765,44.4242605],[26.1316655,44.4243972]]]},"properties":{"names":{"primary":"Bl. D21","common":null,"rules":null},"sources":[{"property":"","dataset":"OpenStreetMap","license":"ODbL-1.0","record_id":"w41591031@8","update_time":"2021-02-24T12:04:37.000Z","confidence":null,"between":null,"provider":"osm","resource":"planet","version":"2026-08-02T00:00:00.000Z"}],"is_underground":false,"num_floors":5,"subtype":"residential","class":"apartments","roof_shape":"flat","has_parts":false,"version":1}},
{"id":"46bbe839-452d-4c44-a763-b3a92cf67316","type":"Feature","geometry":{"type":"Polygon","coordinates":[[[26.1312554,44.4250487],[26.1311957,44.42497],[26.1314301,44.4248794],[26.1315067,44.4249804],[26.1313765,44.4250308],[26.1313595,44.4250085],[26.1312554,44.4250487]]]},"properties":{"sources":[{"property":"","dataset":"OpenStreetMap","license":"ODbL-1.0","record_id":"w224713611@2","update_time":"2021-10-25T05:12:44.000Z","confidence":null,"between":null,"provider":"osm","resource":"planet","version":"2026-08-02T00:00:00.000Z"}],"is_underground":false,"has_parts":false,"version":1}},
{"id":"f36c9c35-d9a0-4db6-b8ad-d302d4588117","type":"Feature","geometry":{"type":"Polygon","coordinates":[[[26.1310202,44.4249591],[26.1309076,44.4250013],[26.1308445,44.4249156],[26.1309571,44.4248734],[26.1310202,44.4249591]]]},"properties":{"sources":[{"property":"","dataset":"OpenStreetMap","license":"ODbL-1.0","record_id":"w224713581@3","update_time":"2021-03-27T14:13:26.000Z","confidence":null,"between":null,"provider":"osm","resource":"planet","version":"2026-08-02T00:00:00.000Z"}],"is_underground":false,"num_floors":2,"subtype":"residential","class":"house","roof_shape":"flat","has_parts":false,"version":1}},
{"id":"fc4069d9-9063-424c-9a94-08e287d69258","type":"Feature","geometry":{"type":"Polygon","coordinates":[[[26.1306493,44.4247661],[26.1305442,44.4246339],[26.130669,44.4245853],[26.1307118,44.424632],[26.1309628,44.4245435],[26.1309438,44.4245142],[26.1310711,44.4244667],[26.1311394,44.4245641],[26.1310568,44.4245952],[26.131072,44.4246161],[26.1306493,44.4247661]]]},"properties":{"names":{"primary":"Bl. D21B","common":null,"rules":null},"sources":[{"property":"","dataset":"OpenStreetMap","license":"ODbL-1.0","record_id":"w41591033@8","update_time":"2021-10-14T11:28:40.000Z","confidence":null,"between":null,"provider":"osm","resource":"planet","version":"2026-08-02T00:00:00.000Z"}],"is_underground":false,"num_floors":5,"subtype":"residential","class":"apartments","roof_shape":"flat","has_parts":false,"version":1}},
{"id":"590342b3-8a7f-4023-b5ee-c29266fc2f2d","type":"Feature","geometry":{"type":"Polygon","coordinates":[[[26.1304687,44.4243603],[26.1303794,44.4244301],[26.1301262,44.4242679],[26.1309117,44.4236701],[26.1311631,44.4238341],[26.1310666,44.4239095],[26.1310145,44.4238755],[26.1309298,44.4238202],[26.1303434,44.4242786],[26.1304687,44.4243603]]]},"properties":{"names":{"primary":"Bl. D15","common":null,"rules":null},"sources":[{"property":"","dataset":"OpenStreetMap","license":"ODbL-1.0","record_id":"w42119032@10","update_time":"2024-02-10T19:40:07.000Z","confidence":null,"between":null,"provider":"osm","resource":"planet","version":"2026-08-02T00:00:00.000Z"}],"is_underground":false,"num_floors":7,"subtype":"residential","class":"apartments","roof_shape":"flat","has_parts":false,"version":1}},
{"id":"464bfe20-939f-42f2-8cb8-759cb71efc18","type":"Feature","geometry":{"type":"Polygon","coordinates":[[[26.1314174,44.4242229],[26.1312678,44.4242817],[26.1310738,44.4240301],[26.1312234,44.4239713],[26.1314174,44.4242229]]]},"properties":{"names":{"primary":"Bl. D20","common":null,"rules":null},"sources":[{"property":"","dataset":"OpenStreetMap","license":"ODbL-1.0","record_id":"w41591040@5","update_time":"2024-02-10T19:40:10.000Z","confidence":null,"between":null,"provider":"osm","resource":"planet","version":"2026-08-02T00:00:00.000Z"}],"is_underground":false,"num_floors":5,"subtype":"residential","class":"apartments","has_parts":false,"version":1}},
{"id":"6a9e831d-cc1e-4e16-b9d7-8c385456aef2","type":"Feature","geometry":{"type":"Polygon","coordinates":[[[26.1319294,44.4229108],[26.1321644,44.4230697],[26.132067,44.4231431],[26.1320621,44.4231398],[26.1319501,44.4230641],[26.1313474,44.4235184],[26.131471,44.423602],[26.131479,44.4236074],[26.131385,44.4236784],[26.1313776,44.4236734],[26.1311353,44.4235094],[26.1319294,44.4229108]]]},"properties":{"names":{"primary":"Bl. D16","common":null,"rules":null},"sources":[{"property":"","dataset":"OpenStreetMap","license":"ODbL-1.0","record_id":"w42119049@13","update_time":"2024-02-10T19:40:08.000Z","confidence":null,"between":null,"provider":"osm","resource":"planet","version":"2026-08-02T00:00:00.000Z"}],"is_underground":false,"num_floors":7,"subtype":"residential","class":"apartments","roof_shape":"flat","has_parts":false,"version":1}},
{"id":"fc1f107b-7ea1-47e3-b3fe-3cc90ac8fe5e","type":"Feature","geometry":{"type":"Polygon","coordinates":[[[26.1310484,44.4228371],[26.1309736,44.4228908],[26.1307965,44.4227624],[26.1308901,44.4227049],[26.1310484,44.4228371]]]},"properties":{"sources":[{"property":"","dataset":"OpenStreetMap","license":"ODbL-1.0","record_id":"w537528213@4","update_time":"2026-07-23T08:12:28.000Z","confidence":null,"between":null,"provider":"osm","resource":"planet","version":"2026-08-02T00:00:00.000Z"}],"is_underground":false,"num_floors":6,"subtype":"residential","class":"apartments","has_parts":false,"version":1}},
{"id":"950f3a9f-c1b5-4fe1-a7fd-6292e9b650ad","type":"Feature","geometry":{"type":"Polygon","coordinates":[[[26.13052,44.4228899],[26.1304206,44.422799500000004],[26.1305836,44.4227081],[26.130683,44.4227985],[26.13052,44.4228899]]]},"properties":{"sources":[{"property":"","dataset":"OpenStreetMap","license":"ODbL-1.0","record_id":"w987590016@1","update_time":"2021-09-28T05:20:59.000Z","confidence":null,"between":null,"provider":"osm","resource":"planet","version":"2026-08-02T00:00:00.000Z"}],"is_underground":false,"has_parts":false,"version":1}},
{"id":"7cbf9f25-b86f-4dde-9f40-e776a4d7c948","type":"Feature","geometry":{"type":"Polygon","coordinates":[[[26.1301976,44.4236181],[26.1299528,44.423454],[26.1300568,44.4233748],[26.1301982,44.4234696],[26.1307988,44.4230126],[26.1306587,44.4229187],[26.1307582,44.422843],[26.1310017,44.4230062],[26.1301976,44.4236181]]]},"properties":{"names":{"primary":"Bl. D13","common":null,"rules":null},"sources":[{"property":"","dataset":"OpenStreetMap","license":"ODbL-1.0","record_id":"w42119052@9","update_time":"2022-10-17T08:22:42.000Z","confidence":null,"between":null,"provider":"osm","resource":"planet","version":"2026-08-02T00:00:00.000Z"}],"is_underground":false,"num_floors":10,"subtype":"residential","class":"apartments","roof_shape":"flat","has_parts":false,"version":1}},
{"id":"09c67fbb-31f8-44e5-a663-b7e6dde317f7","type":"Feature","geometry":{"type":"Polygon","coordinates":[[[26.1300778,44.4229239],[26.1299277,44.423],[26.1298896,44.4229617],[26.1300397,44.4228856],[26.1300778,44.4229239]]]},"properties":{"sources":[{"property":"","dataset":"OpenStreetMap","license":"ODbL-1.0","record_id":"w537606208@1","update_time":"2017-11-02T06:24:10.000Z","confidence":null,"between":null,"provider":"osm","resource":"planet","version":"2026-08-02T00:00:00.000Z"}],"is_underground":false,"has_parts":false,"version":1}},
{"id":"6864fa0f-048a-4e5a-a30f-67e28d56f6f8","type":"Feature","geometry":{"type":"Polygon","coordinates":[[[26.1303685,44.4229282],[26.1302153,44.4230137],[26.1300812,44.4228701],[26.1301195,44.4228453],[26.1301315,44.4228615],[26.1302667,44.4227991],[26.1303625,44.422888],[26.1303541,44.4229017],[26.1303685,44.4229282]]]},"properties":{"sources":[{"property":"","dataset":"OpenStreetMap","license":"ODbL-1.0","record_id":"w242095677@1","update_time":"2013-10-14T17:37:48.000Z","confidence":null,"between":null,"provider":"osm","resource":"planet","version":"2026-08-02T00:00:00.000Z"}],"is_underground":false,"has_parts":false,"version":1}},
{"id":"7bba8ddf-a719-44ff-906f-50a23c998f23","type":"Feature","geometry":{"type":"Polygon","coordinates":[[[26.1301111,44.4231582],[26.1300489,44.4231035],[26.1301949,44.4230214],[26.1302404,44.4230658],[26.130238,44.4230941],[26.1301111,44.4231582]]]},"properties":{"sources":[{"property":"","dataset":"OpenStreetMap","license":"ODbL-1.0","record_id":"w242095666@1","update_time":"2013-10-14T17:37:47.000Z","confidence":null,"between":null,"provider":"osm","resource":"planet","version":"2026-08-02T00:00:00.000Z"}],"is_underground":false,"has_parts":false,"version":1}},
{"id":"5aea42b6-bd7a-41f7-9ba5-be14cb03b914","type":"Feature","geometry":{"type":"Polygon","coordinates":[[[26.1301482,44.4230001],[26.1299973,44.4230771],[26.1299509,44.4230306],[26.1301017,44.4229537],[26.1301482,44.4230001]]]},"properties":{"sources":[{"property":"","dataset":"OpenStreetMap","license":"ODbL-1.0","record_id":"w537606205@1","update_time":"2017-11-02T06:24:10.000Z","confidence":null,"between":null,"provider":"osm","resource":"planet","version":"2026-08-02T00:00:00.000Z"}],"is_underground":false,"has_parts":false,"version":1}},
{"id":"1c8e6e73-0a20-40c8-b60e-0ca0e41ca699","type":"Feature","geometry":{"type":"Polygon","coordinates":[[[26.1298418,44.4231306],[26.1296776,44.423203],[26.1296077,44.423132],[26.1297755,44.4230526],[26.1298418,44.4231306]]]},"properties":{"sources":[{"property":"","dataset":"OpenStreetMap","license":"ODbL-1.0","record_id":"w242095647@1","update_time":"2017-11-02T06:24:12.000Z","confidence":null,"between":null,"provider":"osm","resource":"planet","version":"2026-08-02T00:00:00.000Z"}],"is_underground":false,"has_parts":false,"version":1}},
{"id":"9ef95ae9-4c1a-40e6-80e5-62a85818ab39","type":"Feature","geometry":{"type":"Polygon","coordinates":[[[26.1300031,44.4228753],[26.129857,44.4229447],[26.129816,44.4229007],[26.1299622,44.4228313],[26.1300031,44.4228753]]]},"properties":{"sources":[{"property":"","dataset":"OpenStreetMap","license":"ODbL-1.0","record_id":"w537606198@1","update_time":"2017-11-02T06:24:09.000Z","confidence":null,"between":null,"provider":"osm","resource":"planet","version":"2026-08-02T00:00:00.000Z"}],"is_underground":false,"has_parts":false,"version":1}},
{"id":"fef7edcb-a564-4fce-9aac-a8f3fc24daa4","type":"Feature","geometry":{"type":"Polygon","coordinates":[[[26.1295435,44.4229541],[26.1294754,44.4229853],[26.1293674,44.4228649],[26.1295419,44.4227851],[26.1296433,44.4228982],[26.1295767,44.4229287],[26.1295368,44.4228842],[26.129497,44.4229024],[26.1295435,44.4229541]]]},"properties":{"sources":[{"property":"","dataset":"OpenStreetMap","license":"ODbL-1.0","record_id":"w537606221@1","update_time":"2017-11-02T06:24:11.000Z","confidence":null,"between":null,"provider":"osm","resource":"planet","version":"2026-08-02T00:00:00.000Z"}],"is_underground":false,"has_parts":false,"version":1}},
{"id":"b24b2003-7f70-472a-9c43-dbe1ce9cdffa","type":"Feature","geometry":{"type":"Polygon","coordinates":[[[26.1295863,44.4230309],[26.1295354,44.4230597],[26.1294951,44.4230057],[26.129653,44.4229287],[26.1296957,44.4229693],[26.1295863,44.4230309]]]},"properties":{"sources":[{"property":"","dataset":"OpenStreetMap","license":"ODbL-1.0","record_id":"w242095662@1","update_time":"2013-10-14T17:37:47.000Z","confidence":null,"between":null,"provider":"osm","resource":"planet","version":"2026-08-02T00:00:00.000Z"}],"is_underground":false,"has_parts":false,"version":1}},
{"id":"5904cb40-a397-4de5-b7df-61b27bda3213","type":"Feature","geometry":{"type":"Polygon","coordinates":[[[26.1297815,44.423046],[26.1296077,44.423132],[26.1295354,44.4230597],[26.1295863,44.4230309],[26.1296102,44.4230556],[26.1297278,44.422998],[26.1297815,44.423046]]]},"properties":{"sources":[{"property":"","dataset":"OpenStreetMap","license":"ODbL-1.0","record_id":"w242095669@1","update_time":"2017-11-02T06:24:12.000Z","confidence":null,"between":null,"provider":"osm","resource":"planet","version":"2026-08-02T00:00:00.000Z"}],"is_underground":false,"has_parts":false,"version":1}},
{"id":"41bb089f-b838-4dc2-954b-7114a0d59e3c","type":"Feature","geometry":{"type":"Polygon","coordinates":[[[26.129721,44.4232521],[26.1295546,44.423326],[26.1294156,44.4232015],[26.1295488,44.4231204],[26.1296077,44.423132],[26.1296776,44.423203],[26.129721,44.4232521]]]},"properties":{"sources":[{"property":"","dataset":"OpenStreetMap","license":"ODbL-1.0","record_id":"w242095668@1","update_time":"2013-10-14T17:37:47.000Z","confidence":null,"between":null,"provider":"osm","resource":"planet","version":"2026-08-02T00:00:00.000Z"}],"is_underground":false,"has_parts":false,"version":1}},
{"id":"57db6748-1b6b-4ea7-87ce-2218d0250943","type":"Feature","geometry":{"type":"Polygon","coordinates":[[[26.129912,44.4232036],[26.1297538,44.4232893],[26.129721,44.4232521],[26.1296776,44.423203],[26.1298418,44.4231306],[26.129912,44.4232036]]]},"properties":{"sources":[{"property":"","dataset":"OpenStreetMap","license":"ODbL-1.0","record_id":"w242095658@1","update_time":"2017-11-02T06:24:12.000Z","confidence":null,"between":null,"provider":"osm","resource":"planet","version":"2026-08-02T00:00:00.000Z"}],"is_underground":false,"has_parts":false,"version":1}},
{"id":"c40f2070-5c40-419a-b614-510088124426","type":"Feature","geometry":{"type":"Polygon","coordinates":[[[26.1298125,44.4233475],[26.1297089,44.4233975],[26.1296398,44.4233511],[26.1297538,44.4232893],[26.129912,44.4232036],[26.1299515,44.4232383],[26.129801,44.4233258],[26.1298125,44.4233475]]]},"properties":{"sources":[{"property":"","dataset":"OpenStreetMap","license":"ODbL-1.0","record_id":"w242095675@1","update_time":"2013-10-14T17:37:48.000Z","confidence":null,"between":null,"provider":"osm","resource":"planet","version":"2026-08-02T00:00:00.000Z"}],"is_underground":false,"has_parts":false,"version":1}},
{"id":"4c22caf0-ec32-4791-bc87-4e8f8a376b57","type":"Feature","geometry":{"type":"Polygon","coordinates":[[[26.1295635,44.4235805],[26.1294295,44.4236401],[26.129357,44.4235633],[26.129491,44.4235068],[26.1295635,44.4235805]]]},"properties":{"sources":[{"property":"","dataset":"OpenStreetMap","license":"ODbL-1.0","record_id":"w795381238@2","update_time":"2024-05-21T18:00:07.000Z","confidence":null,"between":null,"provider":"osm","resource":"planet","version":"2026-08-02T00:00:00.000Z"}],"is_underground":false,"num_floors":4,"subtype":"commercial","class":"retail","has_parts":false,"version":1}},
{"id":"1f71523d-65e4-434f-9e8b-0c434a588fa0","type":"Feature","geometry":{"type":"Polygon","coordinates":[[[26.129647,44.4236627],[26.1297579,44.4235789],[26.1300034,44.4237444],[26.1291987,44.4243532],[26.128969,44.4241983],[26.1290598,44.4241297],[26.1291671,44.424202],[26.1293974,44.4240278],[26.1293662,44.4240068],[26.1295927,44.4238355],[26.1296254,44.4238576],[26.1297718,44.4237469],[26.129647,44.4236627]]]},"properties":{"names":{"primary":"Bl. D14","common":null,"rules":null},"sources":[{"property":"","dataset":"OpenStreetMap","license":"ODbL-1.0","record_id":"w42119062@10","update_time":"2024-02-10T19:35:37.000Z","confidence":null,"between":null,"provider":"osm","resource":"planet","version":"2026-08-02T00:00:00.000Z"}],"is_underground":false,"num_floors":10,"subtype":"residential","class":"apartments","has_parts":false,"version":1}},
{"id":"2ede16e4-353f-4f9f-a2c6-72f228ddae3d","type":"Feature","geometry":{"type":"Polygon","coordinates":[[[26.1299182,44.4243439],[26.1299414,44.4243993],[26.1298552,44.4244177],[26.129832,44.4243624],[26.1299182,44.4243439]]]},"properties":{"sources":[{"property":"","dataset":"Microsoft ML Buildings","license":"ODbL-1.0","record_id":null,"update_time":"2019-07-27T00:00:00.000Z","confidence":null,"between":null,"provider":"microsoft","resource":"ml_buildings","version":"2025-02-25"}],"is_underground":false,"has_parts":false,"version":3}},
{"id":"4a6dfea0-d5a7-4a28-8aad-2df2c5a2aba5","type":"Feature","geometry":{"type":"Polygon","coordinates":[[[26.1303901,44.4250083],[26.1301982,44.4250768],[26.1300864,44.4249763],[26.129976,44.4248961],[26.129846,44.4248206],[26.1297368,44.4247645],[26.1296996,44.4247621],[26.1296589,44.4247517],[26.1296232,44.4247301],[26.1296044,44.4247033],[26.1295972,44.4246808],[26.1296079,44.4246502],[26.1296232,44.4246248],[26.1299003,44.4244087],[26.1300317,44.4244949],[26.1298636,44.4246301],[26.1299822,44.4246949],[26.1301307,44.4247992],[26.1302536,44.4248976],[26.1303901,44.4250083]]]},"properties":{"names":{"primary":"Bl. i 5","common":null,"rules":null},"sources":[{"property":"","dataset":"OpenStreetMap","license":"ODbL-1.0","record_id":"w203731259@9","update_time":"2026-07-23T08:12:28.000Z","confidence":null,"between":null,"provider":"osm","resource":"planet","version":"2026-08-02T00:00:00.000Z"}],"is_underground":false,"num_floors":14,"subtype":"residential","class":"apartments","roof_shape":"flat","has_parts":false,"version":2}},
{"id":"aff0ddd1-6196-4a0b-a32a-f84f10bd7948","type":"Feature","geometry":{"type":"Polygon","coordinates":[[[26.128317,44.4241722],[26.128267,44.4241492],[26.1283401,44.4240288],[26.1284348,44.424064],[26.1284867,44.4241181],[26.1283933,44.4241602],[26.1283395,44.4241472],[26.128317,44.4241722]]]},"properties":{"sources":[{"property":"","dataset":"OpenStreetMap","license":"ODbL-1.0","record_id":"w1019652193@2","update_time":"2024-05-11T16:07:02.000Z","confidence":null,"between":null,"provider":"osm","resource":"planet","version":"2026-08-02T00:00:00.000Z"}],"is_underground":false,"has_parts":false,"version":1}},
{"id":"2dba1288-505c-4993-9916-72f372bebdc4","type":"Feature","geometry":{"type":"Polygon","coordinates":[[[26.1285075,44.4242192],[26.128399,44.4242654],[26.1283458,44.4242017],[26.1284543,44.4241555],[26.1285075,44.4242192]]]},"properties":{"sources":[{"property":"","dataset":"OpenStreetMap","license":"ODbL-1.0","record_id":"w1019652194@1","update_time":"2024-05-11T16:07:02.000Z","confidence":null,"between":null,"provider":"osm","resource":"planet","version":"2026-08-02T00:00:00.000Z"}],"is_underground":false,"has_parts":false,"version":1}},
{"id":"7dd7fffa-8552-4df6-a6ef-50fca3dd71fa","type":"Feature","geometry":{"type":"Polygon","coordinates":[[[26.1284634,44.4243343],[26.1284143,44.4242806],[26.1285099,44.4242359],[26.1285591,44.4242896],[26.1284634,44.4243343]]]},"properties":{"sources":[{"property":"","dataset":"OpenStreetMap","license":"ODbL-1.0","record_id":"w1019652195@1","update_time":"2024-05-11T16:07:02.000Z","confidence":null,"between":null,"provider":"osm","resource":"planet","version":"2026-08-02T00:00:00.000Z"}],"is_underground":false,"has_parts":false,"version":1}},
{"id":"9fdca509-9321-4bf1-b3e9-a346f92947a5","type":"Feature","geometry":{"type":"Polygon","coordinates":[[[26.1282365,44.4244716],[26.1281954,44.4244232],[26.1283316,44.4243644],[26.1283858,44.4244284],[26.1283017,44.4244648],[26.1282885,44.4244492],[26.1282365,44.4244716]]]},"properties":{"sources":[{"property":"","dataset":"OpenStreetMap","license":"ODbL-1.0","record_id":"w1019652196@1","update_time":"2022-01-09T09:25:16.000Z","confidence":null,"between":null,"provider":"osm","resource":"planet","version":"2026-08-02T00:00:00.000Z"}],"is_underground":false,"has_parts":false,"version":1}},
{"id":"39e7ab0b-4a80-420b-a6e2-1cc0cca0a3eb","type":"Feature","geometry":{"type":"Polygon","coordinates":[[[26.128451600000002,44.4245116],[26.1283147,44.4245701],[26.1282638,44.4245094],[26.1284007,44.4244509],[26.128451600000002,44.4245116]]]},"properties":{"sources":[{"property":"","dataset":"OpenStreetMap","license":"ODbL-1.0","record_id":"w425499488@1","update_time":"2016-06-17T07:52:03.000Z","confidence":null,"between":null,"provider":"osm","resource":"planet","version":"2026-08-02T00:00:00.000Z"}],"is_underground":false,"has_parts":false,"version":1}},
{"id":"857a0fd1-898d-4379-83ae-d337ac83b490","type":"Feature","geometry":{"type":"Polygon","coordinates":[[[26.1287427,44.4247455],[26.1286978,44.4247462],[26.1286178,44.424616],[26.1286717,44.4246186],[26.1287258,44.4245798],[26.1286993,44.4245268],[26.1288318,44.4244268],[26.1288431,44.4244324],[26.1288879,44.4243963],[26.1289995,44.4244723],[26.1289846,44.4244848],[26.1290443,44.4245304],[26.1288958,44.4246342],[26.1288462,44.424669],[26.12884,44.4246961],[26.1288111,44.4247216],[26.1287776,44.4247374],[26.1287427,44.4247455]]]},"properties":{"names":{"primary":"Bl. i 6","common":null,"rules":null},"sources":[{"property":"","dataset":"OpenStreetMap","license":"ODbL-1.0","record_id":"w203731774@10","update_time":"2022-10-17T08:22:42.000Z","confidence":null,"between":null,"provider":"osm","resource":"planet","version":"2026-08-02T00:00:00.000Z"}],"is_underground":false,"num_floors":12,"subtype":"residential","class":"apartments","roof_shape":"flat","has_parts":false,"version":1}},
{"id":"bdc6f9c5-1fd8-4616-8cfe-4c41ce20938f","type":"Feature","geometry":{"type":"Polygon","coordinates":[[[26.1279476,44.4251737],[26.1278717,44.4251147],[26.1278988,44.425088],[26.1278416,44.4250635],[26.1278835,44.4250134],[26.1279338,44.4249669],[26.1279851,44.4249284],[26.1280237,44.4249497],[26.1280622,44.4249223],[26.1281046,44.4248943],[26.1280641,44.4248635],[26.1281135,44.4248256],[26.1281808,44.4247835],[26.1282442,44.424752],[26.1282827,44.4247932],[26.1283216,44.4247679],[26.1283702,44.4247505],[26.1283406,44.4247098],[26.1284048,44.4246812],[26.1284743,44.4246531],[26.1285446,44.424631],[26.1286178,44.424616],[26.1286978,44.4247462],[26.1286228,44.4247648],[26.1285473,44.424791],[26.1284691,44.424821],[26.1283995,44.4248498],[26.128334,44.4248819],[26.1282725,44.424914],[26.1282151,44.4249513],[26.1281602,44.4249899],[26.1281089,44.4250331],[26.1280484,44.4250842],[26.1279942,44.425133],[26.1279476,44.4251737]]]},"properties":{"names":{"primary":"Bl. i 7","common":null,"rules":null},"sources":[{"property":"","dataset":"OpenStreetMap","license":"ODbL-1.0","record_id":"w203731772@10","update_time":"2024-01-09T11:49:24.000Z","confidence":null,"between":null,"provider":"osm","resource":"planet","version":"2026-08-02T00:00:00.000Z"}],"is_underground":false,"num_floors":12,"subtype":"residential","class":"apartments","roof_shape":"flat","has_parts":false,"version":1}},
{"id":"5c49945e-3e3e-4944-b50d-0ff50924483a","type":"Feature","geometry":{"type":"Polygon","coordinates":[[[26.1281289,44.4245987],[26.1280951,44.4246182],[26.1280558,44.4245746],[26.1280809,44.4245624],[26.1281902,44.4245096],[26.1282108,44.4244997],[26.1282566,44.4245582],[26.1281442,44.4246128],[26.1281289,44.4245987]]]},"properties":{"sources":[{"property":"","dataset":"OpenStreetMap","license":"ODbL-1.0","record_id":"w224722408@1","update_time":"2013-06-07T09:37:46.000Z","confidence":null,"between":null,"provider":"osm","resource":"planet","version":"2026-08-02T00:00:00.000Z"}],"is_underground":false,"has_parts":false,"version":1}},
{"id":"03bf8bd1-2192-43ae-bce1-b962572f1a65","type":"Feature","geometry":{"type":"Polygon","coordinates":[[[26.1280361,44.4245426],[26.1280045,44.4245021],[26.1281125,44.4244522],[26.1281902,44.4245096],[26.1280809,44.4245624],[26.1280361,44.4245426]]]},"properties":{"sources":[{"property":"","dataset":"OpenStreetMap","license":"ODbL-1.0","record_id":"w224722404@1","update_time":"2013-06-07T09:37:46.000Z","confidence":null,"between":null,"provider":"osm","resource":"planet","version":"2026-08-02T00:00:00.000Z"}],"is_underground":false,"has_parts":false,"version":1}},
{"id":"f4d91f81-0ea8-41e4-bded-67c419e7a3a4","type":"Feature","geometry":{"type":"Polygon","coordinates":[[[26.1279888,44.4247502],[26.1278543,44.424807],[26.1278142,44.4247586],[26.1278585,44.4247399],[26.1278296,44.424705],[26.1277793,44.4247262],[26.1277418,44.4246809],[26.1278823,44.4246216],[26.1279888,44.4247502]]]},"properties":{"sources":[{"property":"","dataset":"OpenStreetMap","license":"ODbL-1.0","record_id":"w425499486@1","update_time":"2016-06-17T07:52:03.000Z","confidence":null,"between":null,"provider":"osm","resource":"planet","version":"2026-08-02T00:00:00.000Z"}],"is_underground":false,"has_parts":false,"version":1}},
{"id":"94c5649f-921e-4b02-b07d-941b37ab3bfc","type":"Feature","geometry":{"type":"Polygon","coordinates":[[[26.1278435,44.4245821],[26.1277198,44.4246318],[26.1276217,44.4245116],[26.1277385,44.4244594],[26.1278435,44.4245821]]]},"properties":{"sources":[{"property":"","dataset":"OpenStreetMap","license":"ODbL-1.0","record_id":"w425499491@1","update_time":"2016-06-17T07:52:03.000Z","confidence":null,"between":null,"provider":"osm","resource":"planet","version":"2026-08-02T00:00:00.000Z"}],"is_underground":false,"has_parts":false,"version":1}},
{"id":"f78f3ef9-5c7b-46ed-8cee-96d6be07d1ca","type":"Feature","geometry":{"type":"Polygon","coordinates":[[[26.1278638,44.4248345],[26.1276815,44.4249265],[26.1276356,44.4248867],[26.1277874,44.4248127],[26.1278223,44.4248228],[26.1278419,44.4248158],[26.1278638,44.4248345]]]},"properties":{"sources":[{"property":"","dataset":"OpenStreetMap","license":"ODbL-1.0","record_id":"w224715669@1","update_time":"2013-06-07T08:39:25.000Z","confidence":null,"between":null,"provider":"osm","resource":"planet","version":"2026-08-02T00:00:00.000Z"}],"is_underground":false,"has_parts":false,"version":1}},
{"id":"36066cb1-c335-46d3-83b8-506cb8d4da11","type":"Feature","geometry":{"type":"Polygon","coordinates":[[[26.1277906,44.424801],[26.12765,44.4248673],[26.1276018,44.4248127],[26.1277437,44.4247495],[26.1277906,44.424801]]]},"properties":{"sources":[{"property":"","dataset":"OpenStreetMap","license":"ODbL-1.0","record_id":"w224715666@1","update_time":"2013-06-07T08:39:25.000Z","confidence":null,"between":null,"provider":"osm","resource":"planet","version":"2026-08-02T00:00:00.000Z"}],"is_underground":false,"has_parts":false,"version":1}},
{"id":"9e2c2711-a36f-4f58-a004-427ac2024ebe","type":"Feature","geometry":{"type":"Polygon","coordinates":[[[26.1277437,44.4247495],[26.1276018,44.4248127],[26.1275402,44.4247453],[26.1276821,44.4246806],[26.1277437,44.4247495]]]},"properties":{"sources":[{"property":"","dataset":"OpenStreetMap","license":"ODbL-1.0","record_id":"w224715668@1","update_time":"2013-06-07T08:39:25.000Z","confidence":null,"between":null,"provider":"osm","resource":"planet","version":"2026-08-02T00:00:00.000Z"}],"is_underground":false,"has_parts":false,"version":1}},
{"id":"3ea049e0-3cc6-47db-a3cf-9277a2557f2c","type":"Feature","geometry":{"type":"Polygon","coordinates":[[[26.1272424,44.4248358],[26.1272234,44.4248414],[26.1271777,44.4247995],[26.1273114,44.4247273],[26.1273652,44.4247867],[26.1272487,44.4248437],[26.1272424,44.4248358]]]},"properties":{"sources":[{"property":"","dataset":"OpenStreetMap","license":"ODbL-1.0","record_id":"w224713595@1","update_time":"2013-06-07T08:07:00.000Z","confidence":null,"between":null,"provider":"osm","resource":"planet","version":"2026-08-02T00:00:00.000Z"}],"is_underground":false,"has_parts":false,"version":1}},
{"id":"b50bee9a-fda4-46dd-8c52-1df2b001a8aa","type":"Feature","geometry":{"type":"Polygon","coordinates":[[[26.1273179,44.4247066],[26.1271669,44.4247819],[26.1270836,44.4247008],[26.1272335,44.42463],[26.1273179,44.4247066]]]},"properties":{"sources":[{"property":"","dataset":"OpenStreetMap","license":"ODbL-1.0","record_id":"w224713564@1","update_time":"2013-06-07T08:06:59.000Z","confidence":null,"between":null,"provider":"osm","resource":"planet","version":"2026-08-02T00:00:00.000Z"}],"is_underground":false,"has_parts":false,"version":1}},
{"id":"50d70264-4658-4acf-9007-194b2326a341","type":"Feature","geometry":{"type":"Polygon","coordinates":[[[26.1273171,44.4244771],[26.1273001,44.4244832],[26.1272361,44.4244253],[26.1273711,44.4243558],[26.127419,44.4243949],[26.1273974,44.4244049],[26.1274306,44.4244236],[26.1273171,44.4244771]]]},"properties":{"sources":[{"property":"","dataset":"OpenStreetMap","license":"ODbL-1.0","record_id":"w224715678@1","update_time":"2013-06-07T08:39:25.000Z","confidence":null,"between":null,"provider":"osm","resource":"planet","version":"2026-08-02T00:00:00.000Z"}],"is_underground":false,"has_parts":false,"version":1}},
{"id":"24aaba30-0ff2-42e9-adfd-c5c8cff8764c","type":"Feature","geometry":{"type":"Polygon","coordinates":[[[26.1274892,44.4244914],[26.1273904,44.4245339],[26.1273596,44.424498],[26.1273434,44.4245107],[26.1273171,44.4244771],[26.1274306,44.4244236],[26.1274892,44.4244914]]]},"properties":{"sources":[{"property":"","dataset":"OpenStreetMap","license":"ODbL-1.0","record_id":"w224715672@1","update_time":"2013-06-07T08:39:25.000Z","confidence":null,"between":null,"provider":"osm","resource":"planet","version":"2026-08-02T00:00:00.000Z"}],"is_underground":false,"has_parts":false,"version":1}},
{"id":"e387475a-9374-45ce-90c2-1c19e311480d","type":"Feature","geometry":{"type":"Polygon","coordinates":[[[26.1275048,44.4247152],[26.127474,44.4246656],[26.1276083,44.4246016],[26.1276484,44.4246545],[26.1275048,44.4247152]]]},"properties":{"sources":[{"property":"","dataset":"OpenStreetMap","license":"ODbL-1.0","record_id":"w224715657@1","update_time":"2013-06-07T08:39:24.000Z","confidence":null,"between":null,"provider":"osm","resource":"planet","version":"2026-08-02T00:00:00.000Z"}],"is_underground":false,"has_parts":false,"version":1}},
{"id":"c4a90ab7-cc42-487e-b4da-5020e018f2ec","type":"Feature","geometry":{"type":"Polygon","coordinates":[[[26.1276206,44.4245597],[26.1274771,44.4246303],[26.1274209,44.4245716],[26.1274468,44.4245581],[26.12744,44.4245498],[26.1275666,44.4244958],[26.1276206,44.4245597]]]},"properties":{"sources":[{"property":"","dataset":"OpenStreetMap","license":"ODbL-1.0","record_id":"w224715675@1","update_time":"2013-06-07T08:39:25.000Z","confidence":null,"between":null,"provider":"osm","resource":"planet","version":"2026-08-02T00:00:00.000Z"}],"is_underground":false,"has_parts":false,"version":1}},
{"id":"7863d9cb-1343-4de9-ab54-4183c206c9a8","type":"Feature","geometry":{"type":"Polygon","coordinates":[[[26.1276924,44.4244173],[26.1275669,44.4244709],[26.1274302,44.4243215],[26.1275547,44.4242683],[26.1276924,44.4244173]]]},"properties":{"sources":[{"property":"","dataset":"OpenStreetMap","license":"ODbL-1.0","record_id":"w425499489@1","update_time":"2016-06-17T07:52:03.000Z","confidence":null,"between":null,"provider":"osm","resource":"planet","version":"2026-08-02T00:00:00.000Z"}],"is_underground":false,"has_parts":false,"version":1}},
{"id":"be9d907e-c031-4235-8f2e-e3aa663a5116","type":"Feature","geometry":{"type":"Polygon","coordinates":[[[26.1272904,44.424249],[26.1271577,44.424314],[26.1270959,44.4242429],[26.1272264,44.4241817],[26.1272904,44.424249]]]},"properties":{"sources":[{"property":"","dataset":"OpenStreetMap","license":"ODbL-1.0","record_id":"w224715654@1","update_time":"2013-06-07T08:39:24.000Z","confidence":null,"between":null,"provider":"osm","resource":"planet","version":"2026-08-02T00:00:00.000Z"}],"is_underground":false,"has_parts":false,"version":1}},
{"id":"67320da1-845c-42be-9598-2809d38843dc","type":"Feature","geometry":{"type":"Polygon","coordinates":[[[26.1273568,44.424314],[26.1272125,44.4243785],[26.1271577,44.424314],[26.1272904,44.424249],[26.1273568,44.424314]]]},"properties":{"sources":[{"property":"","dataset":"OpenStreetMap","license":"ODbL-1.0","record_id":"w224715650@1","update_time":"2013-06-07T08:39:24.000Z","confidence":null,"between":null,"provider":"osm","resource":"planet","version":"2026-08-02T00:00:00.000Z"}],"is_underground":false,"has_parts":false,"version":1}},
{"id":"f7d046e7-fff5-4321-b085-d5e362453798","type":"Feature","geometry":{"type":"Polygon","coordinates":[[[26.1275484,44.424233],[26.1273908,44.4243027],[26.1272692,44.4241623],[26.1274268,44.4240927],[26.1275484,44.424233]]]},"properties":{"sources":[{"property":"","dataset":"OpenStreetMap","license":"ODbL-1.0","record_id":"w224781941@1","update_time":"2013-06-07T19:33:38.000Z","confidence":null,"between":null,"provider":"osm","resource":"planet","version":"2026-08-02T00:00:00.000Z"}],"is_underground":false,"has_parts":false,"version":1}},
{"id":"46ebc522-868b-4a9a-81d6-406b3c2185fa","type":"Feature","geometry":{"type":"Polygon","coordinates":[[[26.127379,44.4240551],[26.1272344,44.4241203],[26.1271271,44.4239997],[26.1272677,44.4239369],[26.127379,44.4240551]]]},"properties":{"sources":[{"property":"","dataset":"OpenStreetMap","license":"ODbL-1.0","record_id":"w425499493@1","update_time":"2016-06-17T07:52:03.000Z","confidence":null,"between":null,"provider":"osm","resource":"planet","version":"2026-08-02T00:00:00.000Z"}],"is_underground":false,"has_parts":false,"version":1}},
{"id":"b4bc65bb-7194-4bb9-b317-af59185003eb","type":"Feature","geometry":{"type":"Polygon","coordinates":[[[26.1275747,44.4240802],[26.1273019,44.4237853],[26.1274457,44.4237175],[26.1277184,44.4240124],[26.1275747,44.4240802]]]},"properties":{"sources":[{"property":"","dataset":"OpenStreetMap","license":"ODbL-1.0","record_id":"w224713561@1","update_time":"2024-05-11T16:07:02.000Z","confidence":null,"between":null,"provider":"osm","resource":"planet","version":"2026-08-02T00:00:00.000Z"}],"is_underground":false,"has_parts":false,"version":1}},
{"id":"010a799f-526c-4634-8cbf-016faad05fc8","type":"Feature","geometry":{"type":"Polygon","coordinates":[[[26.1277738,44.4240348],[26.1275428,44.4237718],[26.1277634,44.423673],[26.1279159,44.4238467],[26.1280347,44.4237935],[26.1281708,44.4239485],[26.1278314,44.4241005],[26.1278101,44.4240762],[26.1277738,44.4240348]]]},"properties":{"names":{"primary":"New City Residence","common":null,"rules":null},"sources":[{"property":"","dataset":"OpenStreetMap","license":"ODbL-1.0","record_id":"w425496803@3","update_time":"2024-05-11T16:07:02.000Z","confidence":null,"between":null,"provider":"osm","resource":"planet","version":"2026-08-02T00:00:00.000Z"}],"is_underground":false,"num_floors":8,"subtype":"residential","class":"apartments","has_parts":false,"version":1}},
{"id":"dcb23163-27a7-46a7-934d-886b4b2798f7","type":"Feature","geometry":{"type":"Polygon","coordinates":[[[26.1278613,44.424267],[26.1277799,44.4243038],[26.1277396,44.4242944],[26.1276481,44.4241979],[26.1277631,44.4241491],[26.1278613,44.424267]]]},"properties":{"sources":[{"property":"","dataset":"OpenStreetMap","license":"ODbL-1.0","record_id":"w425496805@2","update_time":"2024-05-11T16:07:02.000Z","confidence":null,"between":null,"provider":"osm","resource":"planet","version":"2026-08-02T00:00:00.000Z"}],"is_underground":false,"subtype":"residential","class":"house","has_parts":false,"version":1}},
{"id":"465f0703-2265-4ffb-b85a-6791b22910fd","type":"Feature","geometry":{"type":"Polygon","coordinates":[[[26.1279865,44.4242127],[26.1278984,44.4242508],[26.1278145,44.4241518],[26.127846,44.4241382],[26.1278299,44.4241192],[26.1278864,44.4240947],[26.1278963,44.4241063],[26.1279682,44.4241911],[26.1279865,44.4242127]]]},"properties":{"sources":[{"property":"","dataset":"OpenStreetMap","license":"ODbL-1.0","record_id":"w224722406@2","update_time":"2024-05-11T16:07:02.000Z","confidence":null,"between":null,"provider":"osm","resource":"planet","version":"2026-08-02T00:00:00.000Z"}],"is_underground":false,"has_parts":false,"version":1}},
{"id":"d0dd3b04-4cae-4c0d-8522-a83d1dc34a3e","type":"Feature","geometry":{"type":"Polygon","coordinates":[[[26.1280044,44.4241895],[26.1279682,44.4241911],[26.1278963,44.4241063],[26.1279787,44.4240737],[26.1280686,44.4241888],[26.1280251,44.4242071],[26.1280044,44.4241895]]]},"properties":{"sources":[{"property":"","dataset":"OpenStreetMap","license":"ODbL-1.0","record_id":"w1281984578@1","update_time":"2024-05-11T16:07:02.000Z","confidence":null,"between":null,"provider":"osm","resource":"planet","version":"2026-08-02T00:00:00.000Z"}],"is_underground":false,"has_parts":false,"version":1}},
{"id":"d0cf7e2b-269a-48aa-8b28-b1ea13715d73","type":"Feature","geometry":{"type":"Polygon","coordinates":[[[26.1281623,44.4244096],[26.1279799,44.42449],[26.1278968,44.4244],[26.1280792,44.4243196],[26.1281623,44.4244096]]]},"properties":{"sources":[{"property":"","dataset":"OpenStreetMap","license":"ODbL-1.0","record_id":"w425499487@1","update_time":"2016-06-17T07:52:03.000Z","confidence":null,"between":null,"provider":"osm","resource":"planet","version":"2026-08-02T00:00:00.000Z"}],"is_underground":false,"has_parts":false,"version":1}},
{"id":"29277ea2-9dc3-48f0-9b99-0a288316d6f3","type":"Feature","geometry":{"type":"Polygon","coordinates":[[[26.1280995,44.4242757],[26.1281969,44.4242437],[26.1282733,44.4243623],[26.1281759,44.4243943],[26.1280995,44.4242757]]]},"properties":{"sources":[{"property":"","dataset":"OpenStreetMap","license":"ODbL-1.0","record_id":"w1204195330@1","update_time":"2023-09-01T15:39:54.000Z","confidence":null,"between":null,"provider":"osm","resource":"planet","version":"2026-08-02T00:00:00.000Z"}],"is_underground":false,"has_parts":false,"version":1}},
{"id":"10af9be2-b54e-4ab4-9e52-72442ba5eec7","type":"Feature","geometry":{"type":"Polygon","coordinates":[[[26.1282617,44.4241537],[26.1280926,44.4241421],[26.1280959,44.4241172],[26.1280506,44.4241141],[26.1280633,44.4240194],[26.1281647,44.4240263],[26.1281633,44.424037],[26.1282293,44.4240415],[26.1282248,44.4240749],[26.1282719,44.4240781],[26.1282617,44.4241537]]]},"properties":{"sources":[{"property":"","dataset":"OpenStreetMap","license":"ODbL-1.0","record_id":"w1019652192@1","update_time":"2024-05-11T16:07:02.000Z","confidence":null,"between":null,"provider":"osm","resource":"planet","version":"2026-08-02T00:00:00.000Z"}],"is_underground":false,"has_parts":false,"version":1}},
{"id":"dfbecb36-3a67-4c6f-acdf-c5667fa99527","type":"Feature","geometry":{"type":"Polygon","coordinates":[[[26.1278911,44.4235325],[26.1276204,44.4235928],[26.1275748,44.4234884],[26.1278456,44.4234281],[26.1278911,44.4235325]]]},"properties":{"sources":[{"property":"","dataset":"OpenStreetMap","license":"ODbL-1.0","record_id":"w304340600@1","update_time":"2024-05-11T16:07:02.000Z","confidence":null,"between":null,"provider":"osm","resource":"planet","version":"2026-08-02T00:00:00.000Z"}],"is_underground":false,"has_parts":false,"version":1}},
{"id":"fa85b442-402b-4fc6-9a69-ea000e4c4c85","type":"Feature","geometry":{"type":"Polygon","coordinates":[[[26.1279632,44.4236805],[26.1278545,44.4237278],[26.1277489,44.4236043],[26.1278576,44.4235569],[26.1279632,44.4236805]]]},"properties":{"sources":[{"property":"","dataset":"OpenStreetMap","license":"ODbL-1.0","record_id":"w973287098@1","update_time":"2024-05-11T16:07:02.000Z","confidence":null,"between":null,"provider":"osm","resource":"planet","version":"2026-08-02T00:00:00.000Z"}],"is_underground":false,"has_parts":false,"version":1}},
{"id":"444dd68f-ad95-4f8e-bb04-7a82e45c44ac","type":"Feature","geometry":{"type":"Polygon","coordinates":[[[26.1275115,44.423591],[26.1273165,44.42364],[26.1272779,44.4235615],[26.1274729,44.4235125],[26.1275115,44.423591]]]},"properties":{"sources":[{"property":"","dataset":"OpenStreetMap","license":"ODbL-1.0","record_id":"w304340599@3","update_time":"2024-05-11T16:07:02.000Z","confidence":null,"between":null,"provider":"osm","resource":"planet","version":"2026-08-02T00:00:00.000Z"}],"is_underground":false,"has_parts":false,"version":1}},
{"id":"ac8829a3-4a55-4a91-906a-5c5275b6afd9","type":"Feature","geometry":{"type":"Polygon","coordinates":[[[26.1276027,44.4230836],[26.127407,44.4231434],[26.1273258,44.4230078],[26.127376,44.4229925],[26.1273369,44.4229272],[26.1274225,44.422901],[26.1274451,44.4229387],[26.1275049,44.4229204],[26.1276027,44.4230836]]]},"properties":{"sources":[{"property":"","dataset":"OpenStreetMap","license":"ODbL-1.0","record_id":"w973287096@1","update_time":"2021-08-15T16:16:22.000Z","confidence":null,"between":null,"provider":"osm","resource":"planet","version":"2026-08-02T00:00:00.000Z"}],"is_underground":false,"has_parts":false,"version":1}},
{"id":"3d99641b-b57b-4896-a5a9-04759ca5ad8a","type":"Feature","geometry":{"type":"Polygon","coordinates":[[[26.1273704,44.4228506],[26.1272637,44.4228851],[26.1272155,44.4228091],[26.127172,44.4228232],[26.1271276,44.4227532],[26.1273098,44.4226942],[26.1273519,44.4227605],[26.1273198,44.4227709],[26.1273704,44.4228506]]]},"properties":{"sources":[{"property":"","dataset":"OpenStreetMap","license":"ODbL-1.0","record_id":"w973287097@1","update_time":"2021-08-15T16:16:22.000Z","confidence":null,"between":null,"provider":"osm","resource":"planet","version":"2026-08-02T00:00:00.000Z"}],"is_underground":false,"has_parts":false,"version":1}},
{"id":"6ee838ee-5100-4bfc-b9f0-605debebf37d","type":"Feature","geometry":{"type":"Polygon","coordinates":[[[26.128825,44.4228977],[26.128691,44.4226998],[26.128774,44.4226684],[26.12891,44.4228733],[26.128825,44.4228977]]]},"properties":{"names":{"primary":"Atelierbiciclete.ro","common":null,"rules":null},"sources":[{"property":"","dataset":"OpenStreetMap","license":"ODbL-1.0","record_id":"w406055134@3","update_time":"2017-11-02T06:24:12.000Z","confidence":null,"between":null,"provider":"osm","resource":"planet","version":"2026-08-02T00:00:00.000Z"}],"is_underground":false,"subtype":"commercial","class":"commercial","has_parts":false,"version":1}},
{"id":"88b5d07e-64c7-4746-ae74-3a90b1a924f8","type":"Feature","geometry":{"type":"Polygon","coordinates":[[[26.1285707,44.422909],[26.1284161,44.4229815],[26.1283215,44.4228788],[26.1284761,44.4228062],[26.1285707,44.422909]]]},"properties":{"sources":[{"property":"","dataset":"OpenStreetMap","license":"ODbL-1.0","record_id":"w273445744@2","update_time":"2026-03-12T18:24:54.000Z","confidence":null,"between":null,"provider":"osm","resource":"planet","version":"2026-08-02T00:00:00.000Z"}],"is_underground":false,"num_floors":5,"has_parts":false,"version":2}},
{"id":"da4311bb-2858-4587-8781-23b690555f8f","type":"Feature","geometry":{"type":"Polygon","coordinates":[[[26.1284553,44.4235515],[26.1283048,44.4236041],[26.1281811,44.4234465],[26.1283383,44.4233892],[26.1284553,44.4235515]]]},"properties":{"sources":[{"property":"","dataset":"OpenStreetMap","license":"ODbL-1.0","record_id":"w425496806@1","update_time":"2016-06-17T07:31:00.000Z","confidence":null,"between":null,"provider":"osm","resource":"planet","version":"2026-08-02T00:00:00.000Z"}],"is_underground":false,"subtype":"residential","class":"house","has_parts":false,"version":1}},
{"id":"0b937920-30ac-46d0-bfab-6b2b5d33090f","type":"Feature","geometry":{"type":"Polygon","coordinates":[[[26.1288161,44.4234629],[26.1290567,44.4237698],[26.128972,44.4238037],[26.1288434,44.4236396],[26.1285505,44.4237567],[26.1284849,44.423673],[26.1287769,44.4235563],[26.1287305,44.4234971],[26.1288161,44.4234629]]]},"properties":{"sources":[{"property":"","dataset":"OpenStreetMap","license":"ODbL-1.0","record_id":"w242095637@4","update_time":"2022-01-09T09:25:16.000Z","confidence":null,"between":null,"provider":"osm","resource":"planet","version":"2026-08-02T00:00:00.000Z"}],"is_underground":false,"has_parts":false,"version":1}},
{"id":"18e7aca8-246c-4c15-be33-4bfa07380dd4","type":"Feature","geometry":{"type":"Polygon","coordinates":[[[26.1291545,44.4234021],[26.1292299,44.4234948],[26.1289915,44.4235936],[26.1287147,44.4232528],[26.1289521,44.4231544],[26.1290863,44.4233196],[26.1290001,44.4233554],[26.1290674,44.4234382],[26.1291545,44.4234021]]]},"properties":{"sources":[{"property":"","dataset":"OpenStreetMap","license":"ODbL-1.0","record_id":"w242095639@3","update_time":"2022-01-09T09:25:16.000Z","confidence":null,"between":null,"provider":"osm","resource":"planet","version":"2026-08-02T00:00:00.000Z"}],"is_underground":false,"has_parts":false,"version":1}},
{"id":"e49324fe-a730-4bcb-b692-c70040b71d9d","type":"Feature","geometry":{"type":"Polygon","coordinates":[[[26.129298,44.4232527],[26.12946,44.4234137],[26.1293358,44.4234779],[26.1291738,44.4233168],[26.129298,44.4232527]]]},"properties":{"sources":[{"property":"","dataset":"OpenStreetMap","license":"ODbL-1.0","record_id":"w242095654@1","update_time":"2013-10-14T17:37:47.000Z","confidence":null,"between":null,"provider":"osm","resource":"planet","version":"2026-08-02T00:00:00.000Z"}],"is_underground":false,"has_parts":false,"version":1}},
{"id":"0311b86b-e37b-40c6-9232-4e44edb45e86","type":"Feature","geometry":{"type":"Polygon","coordinates":[[[26.1293006,44.4232296],[26.1291564,44.4232994],[26.1291087,44.4232504],[26.1292471,44.423179],[26.1293006,44.4232296]]]},"properties":{"sources":[{"property":"","dataset":"OpenStreetMap","license":"ODbL-1.0","record_id":"w242095649@1","update_time":"2013-10-14T17:37:47.000Z","confidence":null,"between":null,"provider":"osm","resource":"planet","version":"2026-08-02T00:00:00.000Z"}],"is_underground":false,"has_parts":false,"version":1}},
{"id":"269a4a91-bd4d-4909-9d7e-1019e04c187b","type":"Feature","geometry":{"type":"Polygon","coordinates":[[[26.1292471,44.423179],[26.1291087,44.4232504],[26.1290703,44.4232678],[26.1290238,44.4232288],[26.1291971,44.4231316],[26.1292471,44.423179]]]},"properties":{"sources":[{"property":"","dataset":"OpenStreetMap","license":"ODbL-1.0","record_id":"w242095660@1","update_time":"2013-10-14T17:37:47.000Z","confidence":null,"between":null,"provider":"osm","resource":"planet","version":"2026-08-02T00:00:00.000Z"}],"is_underground":false,"has_parts":false,"version":1}},
{"id":"b5b25b24-c06e-424c-801e-6ffccf55b8e5","type":"Feature","geometry":{"type":"Polygon","coordinates":[[[26.1291621,44.423099],[26.1290483,44.423154],[26.1290051,44.4231083],[26.1289808,44.42312],[26.128968,44.4231065],[26.1289278,44.4231258],[26.1288776,44.4230728],[26.1289544,44.4230357],[26.1289722,44.4230546],[26.1290738,44.4230056],[26.1291621,44.423099]]]},"properties":{"sources":[{"property":"","dataset":"OpenStreetMap","license":"ODbL-1.0","record_id":"w242095644@6","update_time":"2026-07-23T08:12:28.000Z","confidence":null,"between":null,"provider":"osm","resource":"planet","version":"2026-08-02T00:00:00.000Z"}],"is_underground":false,"num_floors":3,"subtype":"residential","class":"apartments","roof_shape":"hipped","has_parts":false,"version":1}},
{"id":"bb31a044-7963-4cd3-9673-e61dd00216bf","type":"Feature","geometry":{"type":"Polygon","coordinates":[[[26.1266272,44.422648],[26.1258162,44.4228911],[26.1257527,44.422783],[26.1258976,44.4227396],[26.1261876,44.4226526],[26.1263362,44.4226081],[26.1265637,44.4225399],[26.1266272,44.422648]]]},"properties":{"names":{"primary":"Policlinica Vitan","common":null,"rules":null},"sources":[{"property":"","dataset":"OpenStreetMap","license":"ODbL-1.0","record_id":"w75117441@5","update_time":"2020-08-18T11:34:48.000Z","confidence":null,"between":null,"provider":"osm","resource":"planet","version":"2026-08-02T00:00:00.000Z"}],"is_underground":false,"num_floors":6,"subtype":"medical","has_parts":false,"version":1}},
{"id":"f0cbe249-998c-4f7f-8004-6e1d8a6860d4","type":"Feature","geometry":{"type":"Polygon","coordinates":[[[26.1265262,44.423653],[26.1267166,44.4236051],[26.1267488,44.4236491],[26.126832,44.4236108],[26.1269446,44.4237296],[26.1269688,44.4237181],[26.1270032,44.4237465],[26.1268021,44.4238423],[26.1267703,44.4237832],[26.1266814,44.4238155],[26.1265262,44.423653]]]},"properties":{"sources":[{"property":"","dataset":"OpenStreetMap","license":"ODbL-1.0","record_id":"w304340602@1","update_time":"2014-09-21T06:53:16.000Z","confidence":null,"between":null,"provider":"osm","resource":"planet","version":"2026-08-02T00:00:00.000Z"}],"is_underground":false,"has_parts":false,"version":1}},
{"id":"15e6380b-a0dd-4bca-be12-6e67fdd29667","type":"Feature","geometry":{"type":"Polygon","coordinates":[[[26.1261985,44.4239005],[26.126118,44.4239484],[26.1259839,44.4238105],[26.1261454,44.4237795],[26.1261614,44.4238427],[26.1261985,44.4239005]]]},"properties":{"sources":[{"property":"","dataset":"OpenStreetMap","license":"ODbL-1.0","record_id":"w224781946@1","update_time":"2013-06-07T19:33:39.000Z","confidence":null,"between":null,"provider":"osm","resource":"planet","version":"2026-08-02T00:00:00.000Z"}],"is_underground":false,"has_parts":false,"version":1}},
{"id":"8699471a-4de8-45ae-8b24-1480cf408b5c","type":"Feature","geometry":{"type":"Polygon","coordinates":[[[26.126386,44.4240444],[26.126274,44.4240984],[26.1261837,44.4240356],[26.1261922,44.4240218],[26.1261752,44.4240108],[26.1261814,44.4239909],[26.1261768,44.4239678],[26.1262849,44.4239336],[26.126386,44.4240444]]]},"properties":{"sources":[{"property":"","dataset":"OpenStreetMap","license":"ODbL-1.0","record_id":"w224722410@1","update_time":"2013-06-07T09:37:47.000Z","confidence":null,"between":null,"provider":"osm","resource":"planet","version":"2026-08-02T00:00:00.000Z"}],"is_underground":false,"has_parts":false,"version":1}},
{"id":"87224b31-1fc1-4007-af26-b6667b3839ec","type":"Feature","geometry":{"type":"Polygon","coordinates":[[[26.1262572,44.4243641],[26.1261216,44.4244267],[26.1260618,44.4243606],[26.1261974,44.424298],[26.1262572,44.4243641]]]},"properties":{"sources":[{"property":"","dataset":"OpenStreetMap","license":"ODbL-1.0","record_id":"w465326959@1","update_time":"2019-06-03T17:08:19.000Z","confidence":null,"between":null,"provider":"osm","resource":"planet","version":"2026-08-02T00:00:00.000Z"}],"is_underground":false,"has_parts":false,"version":1}},
{"id":"a97fa3a1-f8fa-47ce-93ed-9bc3135b0739","type":"Feature","geometry":{"type":"Polygon","coordinates":[[[26.1265177,44.4241241],[26.1263769,44.4241951],[26.1263135,44.4241226],[26.1264522,44.4240555],[26.1265177,44.4241241]]]},"properties":{"sources":[{"property":"","dataset":"OpenStreetMap","license":"ODbL-1.0","record_id":"w224722401@1","update_time":"2013-06-07T09:37:46.000Z","confidence":null,"between":null,"provider":"osm","resource":"planet","version":"2026-08-02T00:00:00.000Z"}],"is_underground":false,"has_parts":false,"version":1}},
{"id":"f49988d9-3e9b-4e23-b83e-6944a0497a20","type":"Feature","geometry":{"type":"Polygon","coordinates":[[[26.1266225,44.4243338],[26.1265439,44.4243689],[26.1265078,44.4243346],[26.1265231,44.4243268],[26.1264904,44.4242995],[26.1265985,44.4242489],[26.1266421,44.4242909],[26.1266148,44.424312],[26.1265886,44.4242933],[26.1265864,44.4243058],[26.1266225,44.4243338]]]},"properties":{"sources":[{"property":"","dataset":"OpenStreetMap","license":"ODbL-1.0","record_id":"w224722395@1","update_time":"2013-06-07T09:37:46.000Z","confidence":null,"between":null,"provider":"osm","resource":"planet","version":"2026-08-02T00:00:00.000Z"}],"is_underground":false,"has_parts":false,"version":1}},
{"id":"68c1710b-4f41-4f31-83c1-78d3aa2d8ad1","type":"Feature","geometry":{"type":"Polygon","coordinates":[[[26.1264478,44.4242715],[26.1263769,44.4241951],[26.126522,44.4241311],[26.1265854,44.4241935],[26.1264478,44.4242715]]]},"properties":{"sources":[{"property":"","dataset":"OpenStreetMap","license":"ODbL-1.0","record_id":"w224722402@1","update_time":"2013-06-07T09:37:46.000Z","confidence":null,"between":null,"provider":"osm","resource":"planet","version":"2026-08-02T00:00:00.000Z"}],"is_underground":false,"has_parts":false,"version":1}},
{"id":"7a897208-5459-4b5f-bf37-f658ffc70a89","type":"Feature","geometry":{"type":"Polygon","coordinates":[[[26.1266713,44.4240557],[26.1265346,44.4241233],[26.1265089,44.4240996],[26.1265182,44.424091],[26.1264822,44.4240465],[26.1264702,44.424052],[26.1264287,44.4240154],[26.1264882,44.4239892],[26.1265035,44.4240041],[26.1265843,44.4239592],[26.1266121,44.4239803],[26.1266328,44.4239705],[26.1266983,44.4240423],[26.1266713,44.4240557]]]},"properties":{"sources":[{"property":"","dataset":"OpenStreetMap","license":"ODbL-1.0","record_id":"w224722398@1","update_time":"2013-06-07T09:37:46.000Z","confidence":null,"between":null,"provider":"osm","resource":"planet","version":"2026-08-02T00:00:00.000Z"}],"is_underground":false,"has_parts":false,"version":1}},
{"id":"356f49b2-9ca4-47b6-86b0-d2772c715816","type":"Feature","geometry":{"type":"Polygon","coordinates":[[[26.1263198,44.423812],[26.1262125,44.4238369],[26.1261803,44.4237469],[26.1263815,44.4237047],[26.1264271,44.4237124],[26.1264713,44.423818],[26.1263332,44.4238465],[26.1263198,44.423812]]]},"properties":{"sources":[{"property":"","dataset":"OpenStreetMap","license":"ODbL-1.0","record_id":"w523183930@1","update_time":"2017-09-10T06:22:10.000Z","confidence":null,"between":null,"provider":"osm","resource":"planet","version":"2026-08-02T00:00:00.000Z"}],"is_underground":false,"has_parts":false,"version":1}},
{"id":"3f7e3724-540e-411f-bd9b-9902fab727d2","type":"Feature","geometry":{"type":"Polygon","coordinates":[[[26.1263859,44.4239227],[26.1263499,44.4238825],[26.1264992,44.4238143],[26.126589,44.4239145],[26.12647,44.4239688],[26.1264162,44.4239088],[26.1263859,44.4239227]]]},"properties":{"sources":[{"property":"","dataset":"OpenStreetMap","license":"ODbL-1.0","record_id":"w536476723@1","update_time":"2017-10-28T20:19:11.000Z","confidence":null,"between":null,"provider":"osm","resource":"planet","version":"2026-08-02T00:00:00.000Z"}],"is_underground":false,"has_parts":false,"version":1}},
{"id":"41308d82-89d8-4e3b-9500-6ad404ff2283","type":"Feature","geometry":{"type":"Polygon","coordinates":[[[26.1269823,44.4239075],[26.1268333,44.4239777],[26.1268096,44.4239534],[26.1268401,44.4239374],[26.1268397,44.4239181],[26.1268173,44.42389],[26.1268609,44.4238641],[26.1268768,44.4238751],[26.1269173,44.4238539],[26.1269823,44.4239075]]]},"properties":{"sources":[{"property":"","dataset":"OpenStreetMap","license":"ODbL-1.0","record_id":"w224722411@1","update_time":"2013-06-07T09:37:47.000Z","confidence":null,"between":null,"provider":"osm","resource":"planet","version":"2026-08-02T00:00:00.000Z"}],"is_underground":false,"has_parts":false,"version":1}},
{"id":"9ad81074-29b6-47d8-9eb3-4e3c1d8ae433","type":"Feature","geometry":{"type":"Polygon","coordinates":[[[26.1272308,44.4238996],[26.127086,44.4239609],[26.1269894,44.423844],[26.1271342,44.4237808],[26.1272308,44.4238996]]]},"properties":{"sources":[{"property":"","dataset":"OpenStreetMap","license":"ODbL-1.0","record_id":"w425499490@1","update_time":"2016-06-17T07:52:03.000Z","confidence":null,"between":null,"provider":"osm","resource":"planet","version":"2026-08-02T00:00:00.000Z"}],"is_underground":false,"has_parts":false,"version":1}},
{"id":"9caa81d6-3d98-4735-8865-3ca78559b3e3","type":"Feature","geometry":{"type":"Polygon","coordinates":[[[26.12689,44.4240424],[26.1268333,44.4239777],[26.1269823,44.4239075],[26.1270008,44.4239379],[26.127015,44.4239313],[26.1270276,44.423945],[26.1270167,44.4239528],[26.127044,44.4239808],[26.1269468,44.4240299],[26.1269348,44.4240206],[26.12689,44.4240424]]]},"properties":{"sources":[{"property":"","dataset":"OpenStreetMap","license":"ODbL-1.0","record_id":"w224722396@1","update_time":"2013-06-07T09:37:46.000Z","confidence":null,"between":null,"provider":"osm","resource":"planet","version":"2026-08-02T00:00:00.000Z"}],"is_underground":false,"has_parts":false,"version":1}},
{"id":"acee4036-db93-4926-9232-373709753cef","type":"Feature","geometry":{"type":"Polygon","coordinates":[[[26.1271117,44.4241731],[26.1270604,44.4241965],[26.127008,44.4241442],[26.1269927,44.424152],[26.126925,44.4240865],[26.127068,44.4240234],[26.1270746,44.4240359],[26.1271062,44.4240288],[26.1271379,44.4240585],[26.1270768,44.4240889],[26.1270899,44.4241014],[26.1271565,44.4240694],[26.1271968,44.424113],[26.1271663,44.4241357],[26.127175,44.4241583],[26.1271259,44.4241832],[26.1271117,44.4241731]]]},"properties":{"sources":[{"property":"","dataset":"OpenStreetMap","license":"ODbL-1.0","record_id":"w224722399@1","update_time":"2013-06-07T09:37:46.000Z","confidence":null,"between":null,"provider":"osm","resource":"planet","version":"2026-08-02T00:00:00.000Z"}],"is_underground":false,"has_parts":false,"version":1}},
{"id":"81d1ea22-4e21-4d3b-bb52-61ca3f526c8a","type":"Feature","geometry":{"type":"Polygon","coordinates":[[[26.1269949,44.4243929],[26.1268531,44.4244612],[26.1267882,44.4243819],[26.1269378,44.4243211],[26.1269949,44.4243929]]]},"properties":{"sources":[{"property":"","dataset":"OpenStreetMap","license":"ODbL-1.0","record_id":"w224722400@1","update_time":"2013-06-07T09:37:46.000Z","confidence":null,"between":null,"provider":"osm","resource":"planet","version":"2026-08-02T00:00:00.000Z"}],"is_underground":false,"has_parts":false,"version":1}},
{"id":"beb17ef2-e7a0-4286-b72d-31583134c68d","type":"Feature","geometry":{"type":"Polygon","coordinates":[[[26.1269072,44.4242882],[26.1267506,44.4243614],[26.1266873,44.4242924],[26.1267194,44.4242774],[26.1266718,44.4242255],[26.126803,44.4241624],[26.1269072,44.4242882]]]},"properties":{"sources":[{"property":"","dataset":"OpenStreetMap","license":"ODbL-1.0","record_id":"w425499485@1","update_time":"2017-06-15T07:41:12.000Z","confidence":null,"between":null,"provider":"osm","resource":"planet","version":"2026-08-02T00:00:00.000Z"}],"is_underground":false,"has_parts":false,"version":1}},
{"id":"75e8bc09-88f5-4d25-b5be-ab2fc0654a52","type":"Feature","geometry":{"type":"Polygon","coordinates":[[[26.1265346,44.4241233],[26.1266713,44.4240557],[26.1267307,44.4241171],[26.1266072,44.4241877],[26.1265346,44.4241233]]]},"properties":{"sources":[{"property":"","dataset":"OpenStreetMap","license":"ODbL-1.0","record_id":"w224722403@1","update_time":"2013-06-07T09:37:46.000Z","confidence":null,"between":null,"provider":"osm","resource":"planet","version":"2026-08-02T00:00:00.000Z"}],"is_underground":false,"has_parts":false,"version":1}},
{"id":"d3cd255e-83ae-4b67-aa90-f1223d066dbf","type":"Feature","geometry":{"type":"Polygon","coordinates":[[[26.1268341,44.4244693],[26.1266878,44.4245308],[26.1266529,44.4245464],[26.1265841,44.4244755],[26.1267599,44.424389],[26.1268341,44.4244693]]]},"properties":{"sources":[{"property":"","dataset":"OpenStreetMap","license":"ODbL-1.0","record_id":"w224722405@1","update_time":"2013-06-07T09:37:46.000Z","confidence":null,"between":null,"provider":"osm","resource":"planet","version":"2026-08-02T00:00:00.000Z"}],"is_underground":false,"has_parts":false,"version":1}},
{"id":"0993f989-8b50-4665-b12a-87d5172c3956","type":"Feature","geometry":{"type":"Polygon","coordinates":[[[26.1268494,44.4245566],[26.1267457,44.4246033],[26.1266878,44.4245308],[26.1268341,44.4244693],[26.1268788,44.4245129],[26.1268778,44.424541],[26.1268494,44.4245566]]]},"properties":{"sources":[{"property":"","dataset":"OpenStreetMap","license":"ODbL-1.0","record_id":"w224722407@1","update_time":"2013-06-07T09:37:46.000Z","confidence":null,"between":null,"provider":"osm","resource":"planet","version":"2026-08-02T00:00:00.000Z"}],"is_underground":false,"has_parts":false,"version":1}},
{"id":"cb7f2918-b8b4-456f-8f47-39afe52f2631","type":"Feature","geometry":{"type":"Polygon","coordinates":[[[26.1270825,44.4244571],[26.1269199,44.4245378],[26.1268531,44.4244612],[26.1269949,44.4243929],[26.1270122,44.4244127],[26.1270456,44.4244135],[26.1270825,44.4244571]]]},"properties":{"sources":[{"property":"","dataset":"OpenStreetMap","license":"ODbL-1.0","record_id":"w224713591@1","update_time":"2013-06-07T08:07:00.000Z","confidence":null,"between":null,"provider":"osm","resource":"planet","version":"2026-08-02T00:00:00.000Z"}],"is_underground":false,"has_parts":false,"version":1}},
{"id":"feb9c9e6-aab6-4e2a-9e76-dc39c783d556","type":"Feature","geometry":{"type":"Polygon","coordinates":[[[26.1271736,44.4245559],[26.1270041,44.4246226],[26.1269488,44.4245518],[26.1271044,44.4244876],[26.1271736,44.4245559]]]},"properties":{"sources":[{"property":"","dataset":"OpenStreetMap","license":"ODbL-1.0","record_id":"w224713558@1","update_time":"2013-06-07T08:06:58.000Z","confidence":null,"between":null,"provider":"osm","resource":"planet","version":"2026-08-02T00:00:00.000Z"}],"is_underground":false,"has_parts":false,"version":1}},
{"id":"83493433-d0f5-4d30-9495-a5ffac8d3aad","type":"Feature","geometry":{"type":"Polygon","coordinates":[[[26.1272289,44.4246168],[26.1270675,44.4246819],[26.1270041,44.4246226],[26.1271736,44.4245559],[26.1272289,44.4246168]]]},"properties":{"sources":[{"property":"","dataset":"OpenStreetMap","license":"ODbL-1.0","record_id":"w224713574@1","update_time":"2013-06-07T08:06:59.000Z","confidence":null,"between":null,"provider":"osm","resource":"planet","version":"2026-08-02T00:00:00.000Z"}],"is_underground":false,"has_parts":false,"version":1}},
{"id":"d505263c-1d9d-4200-b7b2-31325db9acd4","type":"Feature","geometry":{"type":"Polygon","coordinates":[[[26.1270285,44.4247128],[26.1269172,44.4247643],[26.1269041,44.424744],[26.1268822,44.4247549],[26.1267763,44.4246341],[26.1269161,44.4245772],[26.1269728,44.4246396],[26.1269401,44.4246731],[26.1269903,44.4246653],[26.1270285,44.4247128]]]},"properties":{"sources":[{"property":"","dataset":"OpenStreetMap","license":"ODbL-1.0","record_id":"w224715682@1","update_time":"2013-06-07T08:39:26.000Z","confidence":null,"between":null,"provider":"osm","resource":"planet","version":"2026-08-02T00:00:00.000Z"}],"is_underground":false,"has_parts":false,"version":1}},
{"id":"0559a287-748f-45c4-9ec0-68d9cbfe67c0","type":"Feature","geometry":{"type":"Polygon","coordinates":[[[26.1271042,44.4248231],[26.1269889,44.424875],[26.1269232,44.4248141],[26.127035,44.4247581],[26.1271042,44.4248231]]]},"properties":{"sources":[{"property":"","dataset":"OpenStreetMap","license":"ODbL-1.0","record_id":"w224713575@1","update_time":"2013-06-07T08:06:59.000Z","confidence":null,"between":null,"provider":"osm","resource":"planet","version":"2026-08-02T00:00:00.000Z"}],"is_underground":false,"has_parts":false,"version":1}},
{"id":"c6d6d6a0-d913-462e-a3c5-b00b60615b7c","type":"Feature","geometry":{"type":"Polygon","coordinates":[[[26.1265767,44.4247396],[26.1263814,44.4248301],[26.1263278,44.424771],[26.126523,44.4246805],[26.1265767,44.4247396]]]},"properties":{"sources":[{"property":"","dataset":"OpenStreetMap","license":"ODbL-1.0","record_id":"w224781948@1","update_time":"2019-06-03T17:08:19.000Z","confidence":null,"between":null,"provider":"osm","resource":"planet","version":"2026-08-02T00:00:00.000Z"}],"is_underground":false,"has_parts":false,"version":1}},
{"id":"c70b698f-486d-46a6-8172-6c87bf3b55ce","type":"Feature","geometry":{"type":"Polygon","coordinates":[[[26.1265373,44.4248764],[26.12645,44.4249193],[26.1263921,44.4248678],[26.1266246,44.4247548],[26.1266836,44.4248117],[26.1265974,44.424853],[26.1265788,44.424839],[26.12651,44.4248639],[26.1265373,44.4248764]]]},"properties":{"sources":[{"property":"","dataset":"OpenStreetMap","license":"ODbL-1.0","record_id":"w224722409@1","update_time":"2019-06-03T17:08:19.000Z","confidence":null,"between":null,"provider":"osm","resource":"planet","version":"2026-08-02T00:00:00.000Z"}],"is_underground":false,"has_parts":false,"version":1}},
{"id":"866dada0-6b78-4a6b-aed4-65f844d88203","type":"Feature","geometry":{"type":"Polygon","coordinates":[[[26.1264748,44.4245888],[26.1262866,44.424677],[26.126257,44.4246448],[26.1261817,44.4246801],[26.1261469,44.4246423],[26.1261757,44.4246288],[26.1261228,44.4245713],[26.1263576,44.4244612],[26.1264748,44.4245888]]]},"properties":{"sources":[{"property":"","dataset":"OpenStreetMap","license":"ODbL-1.0","record_id":"w425499492@1","update_time":"2019-06-03T17:08:19.000Z","confidence":null,"between":null,"provider":"osm","resource":"planet","version":"2026-08-02T00:00:00.000Z"}],"is_underground":false,"has_parts":false,"version":1}},
{"id":"7cefbc39-8734-4403-8e37-ace8ff599660","type":"Feature","geometry":{"type":"Polygon","coordinates":[[[26.1263359,44.4244386],[26.1261906,44.4245067],[26.1261514,44.4244641],[26.1261795,44.424451],[26.1261564,44.4244259],[26.1262737,44.4243709],[26.1263359,44.4244386]]]},"properties":{"sources":[{"property":"","dataset":"OpenStreetMap","license":"ODbL-1.0","record_id":"w465326958@1","update_time":"2019-06-03T17:08:19.000Z","confidence":null,"between":null,"provider":"osm","resource":"planet","version":"2026-08-02T00:00:00.000Z"}],"is_underground":false,"has_parts":false,"version":1}},
{"id":"708cf4ae-291a-49b6-910e-ba05e6aeaca0","type":"Feature","geometry":{"type":"Polygon","coordinates":[[[26.1259808,44.4245873],[26.1259315,44.4245343],[26.1260332,44.4244861],[26.1260825,44.4245392],[26.1259808,44.4245873]]]},"properties":{"sources":[{"property":"","dataset":"OpenStreetMap","license":"ODbL-1.0","record_id":"w987590023@1","update_time":"2021-09-28T05:20:59.000Z","confidence":null,"between":null,"provider":"osm","resource":"planet","version":"2026-08-02T00:00:00.000Z"}],"is_underground":false,"has_parts":false,"version":1}},
{"id":"fdeb536b-cf6c-427a-8c84-feeead0c3063","type":"Feature","geometry":{"type":"Polygon","coordinates":[[[26.1256868,44.4246415],[26.1255755,44.424659],[26.1255138,44.4245133],[26.1256962,44.4244941],[26.1257592,44.4245859],[26.1257994,44.4245744],[26.1258477,44.4246415],[26.125727,44.4246913],[26.1256868,44.4246415]]]},"properties":{"sources":[{"property":"","dataset":"OpenStreetMap","license":"ODbL-1.0","record_id":"w523183914@1","update_time":"2017-09-10T06:22:09.000Z","confidence":null,"between":null,"provider":"osm","resource":"planet","version":"2026-08-02T00:00:00.000Z"}],"is_underground":false,"has_parts":false,"version":1}},
{"id":"241f9181-c0a6-42cc-aa63-6412a9e32e54","type":"Feature","geometry":{"type":"Polygon","coordinates":[[[26.1260302,44.4244783],[26.1259238,44.4245251],[26.1258658,44.4244578],[26.1259722,44.424411],[26.1260302,44.4244783]]]},"properties":{"sources":[{"property":"","dataset":"OpenStreetMap","license":"ODbL-1.0","record_id":"w987590022@1","update_time":"2021-09-28T05:20:59.000Z","confidence":null,"between":null,"provider":"osm","resource":"planet","version":"2026-08-02T00:00:00.000Z"}],"is_underground":false,"has_parts":false,"version":1}},
{"id":"d56b43bb-b9f6-405f-a28f-f63d745e7ce5","type":"Feature","geometry":{"type":"Polygon","coordinates":[[[26.1259232,44.4242022],[26.125852,44.4242347],[26.1256984,44.4240632],[26.1258214,44.4240071],[26.1258491,44.424038],[26.1258834,44.4240223],[26.1259233,44.4240668],[26.1258777,44.4240876],[26.1259075,44.4241208],[26.1258669,44.4241393],[26.1259232,44.4242022]]]},"properties":{"sources":[{"property":"","dataset":"OpenStreetMap","license":"ODbL-1.0","record_id":"w536476725@1","update_time":"2017-10-28T20:19:11.000Z","confidence":null,"between":null,"provider":"osm","resource":"planet","version":"2026-08-02T00:00:00.000Z"}],"is_underground":false,"has_parts":false,"version":1}},
{"id":"ebdcc677-e178-46a6-b091-58a979035026","type":"Feature","geometry":{"type":"Polygon","coordinates":[[[26.1258626,44.4239536],[26.1256309,44.4240041],[26.1255814,44.4238928],[26.1257502,44.4238527],[26.125824,44.4238824],[26.1258626,44.4239536]]]},"properties":{"sources":[{"property":"","dataset":"OpenStreetMap","license":"ODbL-1.0","record_id":"w452001738@2","update_time":"2019-01-23T18:10:04.000Z","confidence":null,"between":null,"provider":"osm","resource":"planet","version":"2026-08-02T00:00:00.000Z"}],"is_underground":false,"has_parts":false,"version":1}},
{"id":"d7847877-99de-456d-a1df-cb8b96c4c1dc","type":"Feature","geometry":{"type":"Polygon","coordinates":[[[26.1255645,44.4241289],[26.1254745,44.4241458],[26.1254028,44.4239505],[26.1254928,44.4239336],[26.1255645,44.4241289]]]},"properties":{"sources":[{"property":"","dataset":"OpenStreetMap","license":"ODbL-1.0","record_id":"w452001737@1","update_time":"2016-11-08T06:13:46.000Z","confidence":null,"between":null,"provider":"osm","resource":"planet","version":"2026-08-02T00:00:00.000Z"}],"is_underground":false,"has_parts":false,"version":1}},
{"id":"7992357e-a4d1-41f1-8509-75694eded0b1","type":"Feature","geometry":{"type":"Polygon","coordinates":[[[26.1257166,44.4241189],[26.1257478,44.424155],[26.1256973,44.4241772],[26.1256661,44.4241412],[26.1257166,44.4241189]]]},"properties":{"sources":[{"property":"","dataset":"Microsoft ML Buildings","license":"ODbL-1.0","record_id":null,"update_time":"2019-07-27T00:00:00.000Z","confidence":null,"between":null,"provider":"microsoft","resource":"ml_buildings","version":"2025-02-25"}],"is_underground":false,"has_parts":false,"version":3}},
{"id":"c7772286-ee48-4544-80d4-a36eba348ae2","type":"Feature","geometry":{"type":"Polygon","coordinates":[[[26.1256991,44.424354],[26.1256355,44.4243776],[26.1254813,44.4241652],[26.1255697,44.4241325],[26.1256866,44.4242935],[26.1256618,44.4243026],[26.1256991,44.424354]]]},"properties":{"sources":[{"property":"","dataset":"OpenStreetMap","license":"ODbL-1.0","record_id":"w987590021@1","update_time":"2021-09-28T05:20:59.000Z","confidence":null,"between":null,"provider":"osm","resource":"planet","version":"2026-08-02T00:00:00.000Z"}],"is_underground":false,"has_parts":false,"version":1}},
{"id":"5eb2228a-232a-4af4-8adb-c15efdfd9701","type":"Feature","geometry":{"type":"Polygon","coordinates":[[[26.1255972,44.4243422],[26.1254556,44.4243663],[26.1254355,44.4242969],[26.1255412,44.4242644],[26.1255972,44.4243422]]]},"properties":{"sources":[{"property":"","dataset":"OpenStreetMap","license":"ODbL-1.0","record_id":"w987590019@1","update_time":"2021-09-28T05:20:59.000Z","confidence":null,"between":null,"provider":"osm","resource":"planet","version":"2026-08-02T00:00:00.000Z"}],"is_underground":false,"has_parts":false,"version":1}},
{"id":"677a5aa5-c592-494b-82d1-0dffb469f15c","type":"Feature","geometry":{"type":"Polygon","coordinates":[[[26.1254366,44.4242825],[26.1253774,44.4242939],[26.1253584,44.4242433],[26.1255063,44.4242161],[26.1255338,44.4242607],[26.1254387,44.4242886],[26.1254366,44.4242825]]]},"properties":{"sources":[{"property":"","dataset":"OpenStreetMap","license":"ODbL-1.0","record_id":"w987590020@1","update_time":"2021-09-28T05:20:59.000Z","confidence":null,"between":null,"provider":"osm","resource":"planet","version":"2026-08-02T00:00:00.000Z"}],"is_underground":false,"has_parts":false,"version":1}},
{"id":"65d5421b-9894-4a18-83cd-626c35070237","type":"Feature","geometry":{"type":"Polygon","coordinates":[[[26.1254051,44.4244173],[26.1252335,44.4244346],[26.1251959,44.4243062],[26.1253622,44.4242775],[26.1254051,44.4244173]]]},"properties":{"sources":[{"property":"","dataset":"OpenStreetMap","license":"ODbL-1.0","record_id":"w523183929@1","update_time":"2017-09-10T06:22:10.000Z","confidence":null,"between":null,"provider":"osm","resource":"planet","version":"2026-08-02T00:00:00.000Z"}],"is_underground":false,"has_parts":false,"version":1}},
{"id":"f7f72d61-2cff-47cf-834c-18c62833d7d1","type":"Feature","geometry":{"type":"Polygon","coordinates":[[[26.1254585,44.424219],[26.1251939,44.4242603],[26.1251503,44.4241178],[26.1254148,44.4240765],[26.1254585,44.424219]]]},"properties":{"sources":[{"property":"","dataset":"OpenStreetMap","license":"ODbL-1.0","record_id":"w452001736@1","update_time":"2016-11-08T06:13:46.000Z","confidence":null,"between":null,"provider":"osm","resource":"planet","version":"2026-08-02T00:00:00.000Z"}],"is_underground":false,"has_parts":false,"version":1}},
{"id":"d03f996c-484a-4665-bd4a-268af7a1d38a","type":"Feature","geometry":{"type":"Polygon","coordinates":[[[26.1253545,44.4246101],[26.1252425,44.4246176],[26.1252298,44.4245206],[26.1253419,44.4245131],[26.1253545,44.4246101]]]},"properties":{"sources":[{"property":"","dataset":"OpenStreetMap","license":"ODbL-1.0","record_id":"w987590026@1","update_time":"2021-09-28T05:20:59.000Z","confidence":null,"between":null,"provider":"osm","resource":"planet","version":"2026-08-02T00:00:00.000Z"}],"is_underground":false,"has_parts":false,"version":1}},
{"id":"0d72406e-9f07-4b4a-9f04-502bed92cb3a","type":"Feature","geometry":{"type":"Polygon","coordinates":[[[26.1254128,44.4245918],[26.125361,44.4245958],[26.1253499,44.4245145],[26.1254739,44.4245059],[26.1255155,44.4246566],[26.1254554,44.4246863],[26.1254535,44.4246163],[26.1254193,44.4246202],[26.1254128,44.4245918]]]},"properties":{"sources":[{"property":"","dataset":"OpenStreetMap","license":"ODbL-1.0","record_id":"w987590027@1","update_time":"2021-09-28T05:20:59.000Z","confidence":null,"between":null,"provider":"osm","resource":"planet","version":"2026-08-02T00:00:00.000Z"}],"is_underground":false,"has_parts":false,"version":1}},
{"id":"22cc4797-f0eb-4352-811c-f29ad540a99e","type":"Feature","geometry":{"type":"Polygon","coordinates":[[[26.1254319,44.424716],[26.1252628,44.4247218],[26.1252576,44.4246434],[26.1254267,44.4246376],[26.1254319,44.424716]]]},"properties":{"sources":[{"property":"","dataset":"OpenStreetMap","license":"ODbL-1.0","record_id":"w465326961@1","update_time":"2017-01-12T04:03:53.000Z","confidence":null,"between":null,"provider":"osm","resource":"planet","version":"2026-08-02T00:00:00.000Z"}],"is_underground":false,"has_parts":false,"version":1}},
{"id":"f4355372-20df-41dd-a3ae-f8f6df9afee3","type":"Feature","geometry":{"type":"Polygon","coordinates":[[[26.1252274,44.4248342],[26.1251978,44.4248251],[26.1252168,44.4247308],[26.1253827,44.4247255],[26.1253838,44.4247534],[26.1252274,44.4248342]]]},"properties":{"sources":[{"property":"","dataset":"OpenStreetMap","license":"ODbL-1.0","record_id":"w987590024@1","update_time":"2021-09-28T05:20:59.000Z","confidence":null,"between":null,"provider":"osm","resource":"planet","version":"2026-08-02T00:00:00.000Z"}],"is_underground":false,"has_parts":false,"version":1}},
{"id":"006bfe0c-e879-4475-ac96-99bbd80f4ec7","type":"Feature","geometry":{"type":"Polygon","coordinates":[[[26.1253908,44.424824],[26.1254415,44.4248688],[26.1253937,44.4248963],[26.1253431,44.4248515],[26.1253908,44.424824]]]},"properties":{"sources":[{"property":"","dataset":"Microsoft ML Buildings","license":"ODbL-1.0","record_id":null,"update_time":"2019-07-27T00:00:00.000Z","confidence":null,"between":null,"provider":"microsoft","resource":"ml_buildings","version":"2025-02-25"}],"is_underground":false,"has_parts":false,"version":3}},
{"id":"3c75732f-3b19-4639-b948-ef46893d137e","type":"Feature","geometry":{"type":"Polygon","coordinates":[[[26.1255313,44.4251953],[26.1255404,44.4253217],[26.1252762,44.4253348],[26.1252692,44.4252097],[26.1255313,44.4251953]]]},"properties":{"names":{"primary":"Oficiul Național al Registrului Comerțului, Ministerul Justiției","common":null,"rules":null},"sources":[{"property":"","dataset":"OpenStreetMap","license":"ODbL-1.0","record_id":"w229153096@9","update_time":"2022-10-17T08:22:42.000Z","confidence":null,"between":null,"provider":"osm","resource":"planet","version":"2026-08-02T00:00:00.000Z"}],"is_underground":false,"num_floors":10,"subtype":"civic","class":"public","has_parts":false,"version":1}},
{"id":"913612c2-d96f-4e2a-a858-52d8f317e0ef","type":"Feature","geometry":{"type":"Polygon","coordinates":[[[26.1260126,44.4261238],[26.1260194,44.426277],[26.125949,44.4262802],[26.1250312,44.426323],[26.1249908,44.4263249],[26.1249781,44.4261721],[26.125021,44.42617],[26.1251763,44.4261628],[26.1259331,44.4261275],[26.1260126,44.4261238]]]},"properties":{"names":{"primary":"Bl. G2B","common":null,"rules":null},"sources":[{"property":"","dataset":"OpenStreetMap","license":"ODbL-1.0","record_id":"w210945394@13","update_time":"2026-07-23T08:27:20.000Z","confidence":null,"between":null,"provider":"osm","resource":"planet","version":"2026-08-02T00:00:00.000Z"}],"is_underground":false,"num_floors":9,"subtype":"residential","class":"apartments","roof_shape":"flat","has_parts":false,"version":1}},
{"id":"309ee288-30e4-447b-9be0-2819ce1d341c","type":"Feature","geometry":{"type":"Polygon","coordinates":[[[26.1258665,44.4251758],[26.1258744,44.4253037],[26.1258447,44.4253044],[26.1255404,44.4253217],[26.1255313,44.4251953],[26.1258373,44.4251783],[26.1258665,44.4251758]]]},"properties":{"names":{"primary":"Bl. J3B","common":null,"rules":null},"sources":[{"property":"","dataset":"OpenStreetMap","license":"ODbL-1.0","record_id":"w202121311@9","update_time":"2026-07-23T08:27:20.000Z","confidence":null,"between":null,"provider":"osm","resource":"planet","version":"2026-08-02T00:00:00.000Z"}],"is_underground":false,"num_floors":10,"subtype":"residential","class":"apartments","roof_shape":"flat","has_parts":false,"version":1}},
{"id":"1c0a0ec8-4753-4eea-bf5d-28fc0ff14716","type":"Feature","geometry":{"type":"Polygon","coordinates":[[[26.1264097,44.4251481],[26.1264197,44.4253051],[26.1259786,44.425324],[26.1259729,44.4252987],[26.1258744,44.4253037],[26.1258665,44.4251758],[26.1264097,44.4251481]]]},"properties":{"names":{"primary":"Bl. J3A","common":null,"rules":null},"sources":[{"property":"","dataset":"OpenStreetMap","license":"ODbL-1.0","record_id":"w202120056@10","update_time":"2022-10-17T08:22:42.000Z","confidence":null,"between":null,"provider":"osm","resource":"planet","version":"2026-08-02T00:00:00.000Z"}],"is_underground":false,"num_floors":10,"subtype":"residential","class":"apartments","roof_shape":"flat","has_parts":false,"version":1}},
{"id":"da31469c-fc62-4389-963b-b64a517c7a2c","type":"Feature","geometry":{"type":"Polygon","coordinates":[[[26.127235,44.4252402],[26.1272263,44.4252647],[26.1271901,44.4252791],[26.1270079,44.4252878],[26.1270075,44.4252566],[26.1266138,44.4252697],[26.1266083,44.4252971],[26.1264197,44.4253051],[26.1264097,44.4251481],[26.1264328,44.4251088],[26.1266021,44.4251021],[26.1266124,44.4251436],[26.1270103,44.4251279],[26.1270085,44.4250943],[26.1271724,44.4250856],[26.1272166,44.4250969],[26.1272221,44.4251222],[26.127235,44.4252402]]]},"properties":{"names":{"primary":"Bl. J2","common":null,"rules":null},"sources":[{"property":"","dataset":"OpenStreetMap","license":"ODbL-1.0","record_id":"w202118749@10","update_time":"2022-10-17T08:22:42.000Z","confidence":null,"between":null,"provider":"osm","resource":"planet","version":"2026-08-02T00:00:00.000Z"}],"is_underground":false,"num_floors":10,"subtype":"residential","class":"apartments","roof_shape":"flat","has_parts":false,"version":1}},
{"id":"184bb9cb-fd0b-4e48-82c3-ccb0d5f21f59","type":"Feature","geometry":{"type":"Polygon","coordinates":[[[26.1270958,44.4262192],[26.126695,44.4262393],[26.1266974,44.4262754],[26.1265347,44.4262833],[26.1265202,44.4260648],[26.126554,44.4260629],[26.1266842,44.4260556],[26.1266836,44.4260876],[26.1270682,44.4260651],[26.1270676,44.4260384],[26.1272632,44.42603],[26.1272856,44.4262484],[26.1271,44.4262584],[26.1270958,44.4262192]]]},"properties":{"names":{"primary":"Bl. G3","common":null,"rules":null},"sources":[{"property":"","dataset":"OpenStreetMap","license":"ODbL-1.0","record_id":"w242690849@8","update_time":"2024-01-09T11:35:10.000Z","confidence":null,"between":null,"provider":"osm","resource":"planet","version":"2026-08-02T00:00:00.000Z"}],"is_underground":false,"num_floors":9,"subtype":"residential","class":"apartments","roof_shape":"flat","has_parts":false,"version":1}},
{"id":"c07fbad3-0daf-4693-a9f5-f3dc2703d64e","type":"Feature","geometry":{"type":"Polygon","coordinates":[[[26.1265202,44.4260648],[26.1265347,44.4262833],[26.1260213,44.4263074],[26.1260194,44.426277],[26.1260126,44.4261238],[26.1260145,44.4260934],[26.126464,44.4260679],[26.1265202,44.4260648]]]},"properties":{"names":{"primary":"Bl. G2C","common":null,"rules":null},"sources":[{"property":"","dataset":"OpenStreetMap","license":"ODbL-1.0","record_id":"w242690850@8","update_time":"2024-01-09T11:37:46.000Z","confidence":null,"between":null,"provider":"osm","resource":"planet","version":"2026-08-02T00:00:00.000Z"}],"is_underground":false,"num_floors":9,"subtype":"residential","class":"apartments","roof_shape":"flat","has_parts":false,"version":1}},
{"id":"bb72e5e4-7670-41c6-aede-191ed9186e39","type":"Feature","geometry":{"type":"Polygon","coordinates":[[[26.1263453,44.426801],[26.1262684,44.4267905],[26.1263301,44.4265599],[26.1264785,44.4265801],[26.1264139,44.4268216],[26.1263424,44.4268119],[26.1263453,44.426801]]]},"properties":{"names":{"primary":"Bl. C4","common":null,"rules":null},"sources":[{"property":"","dataset":"OpenStreetMap","license":"ODbL-1.0","record_id":"w84207174@13","update_time":"2026-01-29T08:38:12.000Z","confidence":null,"between":null,"provider":"osm","resource":"planet","version":"2026-08-02T00:00:00.000Z"}],"is_underground":false,"num_floors":11,"subtype":"residential","class":"apartments","roof_shape":"flat","has_parts":false,"version":2}},
{"id":"8d326bf9-edea-4507-a0c7-a28f4e39352f","type":"Feature","geometry":{"type":"Polygon","coordinates":[[[26.1264961,44.4264844],[26.1265586,44.4264922],[26.1265463,44.4265423],[26.1264838,44.4265346],[26.1264961,44.4264844]]]},"properties":{"sources":[{"property":"","dataset":"Microsoft ML Buildings","license":"ODbL-1.0","record_id":null,"update_time":"2019-07-27T00:00:00.000Z","confidence":null,"between":null,"provider":"microsoft","resource":"ml_buildings","version":"2025-02-25"}],"is_underground":false,"has_parts":false,"version":1}},
{"id":"e0235ca0-470d-4150-9236-208baab0d8cd","type":"Feature","geometry":{"type":"Polygon","coordinates":[[[26.1268459,44.4265217],[26.1267529,44.4265079],[26.126771,44.4264455],[26.1269963,44.4264788],[26.1269612,44.4265997],[26.126829,44.4265802],[26.1268459,44.4265217]]]},"properties":{"sources":[{"property":"","dataset":"OpenStreetMap","license":"ODbL-1.0","record_id":"w497848632@1","update_time":"2017-06-03T09:45:32.000Z","confidence":null,"between":null,"provider":"osm","resource":"planet","version":"2026-08-02T00:00:00.000Z"}],"is_underground":false,"has_parts":false,"version":1}},
{"id":"1200334e-cac8-425d-87aa-5ae19055afaa","type":"Feature","geometry":{"type":"Polygon","coordinates":[[[26.1267784,44.4268857],[26.1266394,44.4268652],[26.1266744,44.4267445],[26.1268995,44.4267777],[26.1268817,44.4268392],[26.1267956,44.4268265],[26.1267784,44.4268857]]]},"properties":{"sources":[{"property":"","dataset":"OpenStreetMap","license":"ODbL-1.0","record_id":"w497848633@1","update_time":"2017-06-03T09:45:32.000Z","confidence":null,"between":null,"provider":"osm","resource":"planet","version":"2026-08-02T00:00:00.000Z"}],"is_underground":false,"has_parts":false,"version":1}},
{"id":"15c60210-a642-416d-9205-ad6a466b01ca","type":"Feature","geometry":{"type":"Polygon","coordinates":[[[26.1269194,44.42676],[26.1266745,44.4267233],[26.1266986,44.426641],[26.1266506,44.4266338],[26.1266683,44.4265734],[26.1268432,44.4265996],[26.1268314,44.4266399],[26.1269495,44.4266576],[26.1269194,44.42676]]]},"properties":{"sources":[{"property":"","dataset":"OpenStreetMap","license":"ODbL-1.0","record_id":"w497848636@1","update_time":"2017-06-03T09:45:32.000Z","confidence":null,"between":null,"provider":"osm","resource":"planet","version":"2026-08-02T00:00:00.000Z"}],"is_underground":false,"has_parts":false,"version":1}},
{"id":"3de7a7fb-dd64-43e4-b40d-a445fcc2b072","type":"Feature","geometry":{"type":"Polygon","coordinates":[[[26.1268555,44.4271474],[26.1268397,44.4272013],[26.1265479,44.4271577],[26.1266305,44.4268757],[26.126791,44.4268996],[26.1267781,44.4269436],[26.1266937,44.426931],[26.1266775,44.4269864],[26.1268874,44.4270177],[26.1268709,44.427074],[26.1267338,44.4270535],[26.1267126,44.427126],[26.1268555,44.4271474]]]},"properties":{"sources":[{"property":"","dataset":"OpenStreetMap","license":"ODbL-1.0","record_id":"w497848627@1","update_time":"2026-01-29T08:38:12.000Z","confidence":null,"between":null,"provider":"osm","resource":"planet","version":"2026-08-02T00:00:00.000Z"}],"is_underground":false,"has_parts":false,"version":2}},
{"id":"7263c974-fc9a-4146-9a2d-310fd3ae6a57","type":"Feature","geometry":{"type":"Polygon","coordinates":[[[26.1271812,44.4274494],[26.1269412,44.4274206],[26.126969,44.4273024],[26.1272886,44.4273407],[26.1272724,44.4274099],[26.1271927,44.4274004],[26.1271812,44.4274494]]]},"properties":{"sources":[{"property":"","dataset":"OpenStreetMap","license":"ODbL-1.0","record_id":"w497848631@1","update_time":"2017-06-03T09:45:32.000Z","confidence":null,"between":null,"provider":"osm","resource":"planet","version":"2026-08-02T00:00:00.000Z"}],"is_underground":false,"has_parts":false,"version":1}},
{"id":"ba5130fa-cfdb-4a4c-94cb-91980e5337c5","type":"Feature","geometry":{"type":"Polygon","coordinates":[[[26.1271959,44.4275631],[26.1269171,44.4275291],[26.1269324,44.4274649],[26.1272113,44.4274989],[26.1271959,44.4275631]]]},"properties":{"sources":[{"property":"","dataset":"OpenStreetMap","license":"ODbL-1.0","record_id":"w497935740@1","update_time":"2017-06-03T19:56:36.000Z","confidence":null,"between":null,"provider":"osm","resource":"planet","version":"2026-08-02T00:00:00.000Z"}],"is_underground":false,"has_parts":false,"version":1}},
{"id":"f9b3172f-ec48-43a7-8b31-76a4b7cf0094","type":"Feature","geometry":{"type":"Polygon","coordinates":[[[26.1267953,44.4273996],[26.1266171,44.4273719],[26.1266372,44.427306],[26.1268154,44.4273337],[26.1267953,44.4273996]]]},"properties":{"sources":[{"property":"","dataset":"OpenStreetMap","license":"ODbL-1.0","record_id":"w497848635@1","update_time":"2026-01-29T08:38:12.000Z","confidence":null,"between":null,"provider":"osm","resource":"planet","version":"2026-08-02T00:00:00.000Z"}],"is_underground":false,"has_parts":false,"version":1}},
{"id":"268c4290-14e2-46a4-81e6-9ea33cf9b36a","type":"Feature","geometry":{"type":"Polygon","coordinates":[[[26.1265802,44.4273601],[26.1265155,44.4273511],[26.1265581,44.4271956],[26.1266205,44.4272043],[26.1266099,44.4272429],[26.1268228,44.4272727],[26.1268111,44.4273153],[26.1266005,44.4272859],[26.1265802,44.4273601]]]},"properties":{"sources":[{"property":"","dataset":"OpenStreetMap","license":"ODbL-1.0","record_id":"w497848630@1","update_time":"2026-01-29T08:38:12.000Z","confidence":null,"between":null,"provider":"osm","resource":"planet","version":"2026-08-02T00:00:00.000Z"}],"is_underground":false,"has_parts":false,"version":1}},
{"id":"0ee2d856-0cb5-445e-ae28-334c4a4aab6c","type":"Feature","geometry":{"type":"Polygon","coordinates":[[[26.1267452,44.4275607],[26.1265118,44.4275218],[26.1265573,44.4273825],[26.1267819,44.4274199],[26.1267669,44.4274659],[26.126594,44.4274371],[26.126587,44.4274583],[26.1267687,44.4274886],[26.1267452,44.4275607]]]},"properties":{"sources":[{"property":"","dataset":"OpenStreetMap","license":"ODbL-1.0","record_id":"w497848629@1","update_time":"2026-01-29T08:38:12.000Z","confidence":null,"between":null,"provider":"osm","resource":"planet","version":"2026-08-02T00:00:00.000Z"}],"is_underground":false,"has_parts":false,"version":2}},
{"id":"c8a60b85-9987-4a46-a8ca-ea8bde3a3cc0","type":"Feature","geometry":{"type":"Polygon","coordinates":[[[26.1264038,44.4274969],[26.1262529,44.4274769],[26.1263643,44.4270484],[26.1265152,44.4270684],[26.1264038,44.4274969]]]},"properties":{"names":{"primary":"Bl. D3","common":null,"rules":null},"sources":[{"property":"","dataset":"OpenStreetMap","license":"ODbL-1.0","record_id":"w84207440@7","update_time":"2026-07-23T08:29:05.000Z","confidence":null,"between":null,"provider":"osm","resource":"planet","version":"2026-08-02T00:00:00.000Z"}],"is_underground":false,"num_floors":5,"subtype":"residential","class":"apartments","has_parts":false,"version":1}},
{"id":"b9e11caa-bae3-4a10-a029-0229c2a0d63d","type":"Feature","geometry":{"type":"Polygon","coordinates":[[[26.1260367,44.4274469],[26.1258702,44.4274244],[26.1259836,44.4269954],[26.1261501,44.4270179],[26.1260367,44.4274469]]]},"properties":{"names":{"primary":"Bl. D2","common":null,"rules":null},"sources":[{"property":"","dataset":"OpenStreetMap","license":"ODbL-1.0","record_id":"w84207438@9","update_time":"2026-07-23T08:29:05.000Z","confidence":null,"between":null,"provider":"osm","resource":"planet","version":"2026-08-02T00:00:00.000Z"}],"is_underground":false,"num_floors":5,"subtype":"residential","class":"apartments","has_parts":false,"version":1}},
{"id":"f6adee18-9588-4a3c-a433-b3ff6f1943c7","type":"Feature","geometry":{"type":"Polygon","coordinates":[[[26.125649,44.4274317],[26.1252552,44.4273805],[26.1253726,44.4269205],[26.1257664,44.4269718],[26.125649,44.4274317]]]},"properties":{"names":{"primary":"Phoenicia Business Center","common":null,"rules":null},"sources":[{"property":"","dataset":"OpenStreetMap","license":"ODbL-1.0","record_id":"w159151140@6","update_time":"2021-10-14T11:27:31.000Z","confidence":null,"between":null,"provider":"osm","resource":"planet","version":"2026-08-02T00:00:00.000Z"}],"is_underground":false,"num_floors":9,"subtype":"residential","class":"apartments","roof_shape":"flat","has_parts":false,"version":1}},
{"id":"952763f1-57c6-4743-b0b3-4ae3791e1c53","type":"Feature","geometry":{"type":"Polygon","coordinates":[[[26.1258712,44.4267235],[26.1258006,44.4267132],[26.1258688,44.4264735],[26.1260082,44.4264937],[26.1259432,44.4267225],[26.1258744,44.4267125],[26.1258712,44.4267235]]]},"properties":{"names":{"primary":"Bl. C3","common":null,"rules":null},"sources":[{"property":"","dataset":"OpenStreetMap","license":"ODbL-1.0","record_id":"w84207170@16","update_time":"2026-06-24T16:33:38.000Z","confidence":null,"between":null,"provider":"osm","resource":"planet","version":"2026-08-02T00:00:00.000Z"}],"is_underground":false,"num_floors":11,"subtype":"residential","class":"apartments","roof_shape":"flat","has_parts":false,"version":3}},
{"id":"3a2767ef-8b09-4257-b840-e48ba7eb58b9","type":"Feature","geometry":{"type":"Polygon","coordinates":[[[26.1254238,44.4266225],[26.1253471,44.4266116],[26.1254128,44.4263751],[26.1255557,44.4263954],[26.1254866,44.4266441],[26.1254204,44.4266347],[26.1254238,44.4266225]]]},"properties":{"names":{"primary":"Cămin C2 UNATC \"Ion Luca Caragiale\"","common":null,"rules":null},"sources":[{"property":"","dataset":"OpenStreetMap","license":"ODbL-1.0","record_id":"w84207168@8","update_time":"2026-07-23T08:27:20.000Z","confidence":null,"between":null,"provider":"osm","resource":"planet","version":"2026-08-02T00:00:00.000Z"}],"is_underground":false,"num_floors":11,"subtype":"residential","class":"apartments","roof_shape":"flat","has_parts":false,"version":2}},
{"id":"c4506998-d839-46cb-8ac7-1fe2d66e621b","type":"Feature","geometry":{"type":"Polygon","coordinates":[[[26.1248507,44.4276708],[26.1249081,44.4275303],[26.1249698,44.4275429],[26.1249823,44.4275337],[26.125065,44.4275447],[26.1250739,44.4275331],[26.1250959,44.4275376],[26.1251073,44.427534],[26.1251943,44.4275526],[26.1252016,44.4275588],[26.1252302,44.4275652],[26.1252305,44.4275765],[26.125275,44.4275875],[26.1252851,44.4275962],[26.1253079,44.4276014],[26.1253105,44.4276138],[26.125372,44.4276263],[26.1253164,44.427768],[26.1252324,44.4277498],[26.1252277,44.4277605],[26.1251853,44.4277507],[26.1251897,44.4277407],[26.1249765,44.4276968],[26.1249717,44.4277067],[26.1249278,44.4276978],[26.1249318,44.4276885],[26.1248507,44.4276708]]]},"properties":{"sources":[{"property":"","dataset":"OpenStreetMap","license":"ODbL-1.0","record_id":"w230759262@2","update_time":"2019-10-05T13:31:27.000Z","confidence":null,"between":null,"provider":"osm","resource":"planet","version":"2026-08-02T00:00:00.000Z"}],"is_underground":false,"num_floors":9,"subtype":"residential","class":"apartments","has_parts":false,"version":1}},
{"id":"3df9daf4-e31f-4e98-a232-6e6c4cfc0ab4","type":"Feature","geometry":{"type":"Polygon","coordinates":[[[26.1252904,44.4280191],[26.1251872,44.4280084],[26.1251917,44.4279863],[26.1251418,44.4279811],[26.12516,44.4278915],[26.1253131,44.4279074],[26.1252904,44.4280191]]]},"properties":{"sources":[{"property":"","dataset":"OpenStreetMap","license":"ODbL-1.0","record_id":"w183846891@2","update_time":"2024-02-21T13:19:48.000Z","confidence":null,"between":null,"provider":"osm","resource":"planet","version":"2026-08-02T00:00:00.000Z"}],"is_underground":false,"num_floors":3,"has_parts":false,"version":1}},
{"id":"80657500-a176-42b6-b810-3797b3a6281d","type":"Feature","geometry":{"type":"Polygon","coordinates":[[[26.1258301,44.427954],[26.125609,44.4279252],[26.1256458,44.4277811],[26.1258669,44.4278098],[26.1258301,44.427954]]]},"properties":{"names":{"primary":"Bl. A2","common":null,"rules":null},"sources":[{"property":"","dataset":"OpenStreetMap","license":"ODbL-1.0","record_id":"w84207442@5","update_time":"2026-07-23T08:29:05.000Z","confidence":null,"between":null,"provider":"osm","resource":"planet","version":"2026-08-02T00:00:00.000Z"}],"is_underground":false,"num_floors":11,"subtype":"residential","class":"apartments","has_parts":false,"version":1}},
{"id":"d1d8626c-3de5-4609-9279-ba9cc47d508b","type":"Feature","geometry":{"type":"Polygon","coordinates":[[[26.1258892,44.4281667],[26.1257204,44.4281478],[26.1257408,44.4280548],[26.1259096,44.4280737],[26.1258892,44.4281667]]]},"properties":{"sources":[{"property":"","dataset":"OpenStreetMap","license":"ODbL-1.0","record_id":"w497935745@1","update_time":"2019-02-08T19:20:48.000Z","confidence":null,"between":null,"provider":"osm","resource":"planet","version":"2026-08-02T00:00:00.000Z"}],"is_underground":false,"has_parts":false,"version":1}},
{"id":"ebba3199-761b-4ef6-bbb4-7dc6f1f52e93","type":"Feature","geometry":{"type":"Polygon","coordinates":[[[26.1256315,44.4283183],[26.1254823,44.4283028],[26.1254994,44.4282188],[26.1256486,44.4282343],[26.1256315,44.4283183]]]},"properties":{"sources":[{"property":"","dataset":"OpenStreetMap","license":"ODbL-1.0","record_id":"w430614541@4","update_time":"2026-05-03T10:40:09.000Z","confidence":null,"between":null,"provider":"osm","resource":"planet","version":"2026-08-02T00:00:00.000Z"}],"height":11.0,"is_underground":false,"num_floors":3,"has_parts":false,"version":2}},
{"id":"f076d218-723e-4654-ab36-ac399f3fb6ef","type":"Feature","geometry":{"type":"Polygon","coordinates":[[[26.125836,44.428376],[26.1256656,44.4283588],[26.1256827,44.4282726],[26.125853,44.4282897],[26.125836,44.428376]]]},"properties":{"sources":[{"property":"","dataset":"OpenStreetMap","license":"ODbL-1.0","record_id":"w179308571@1","update_time":"2019-02-08T19:20:45.000Z","confidence":null,"between":null,"provider":"osm","resource":"planet","version":"2026-08-02T00:00:00.000Z"}],"is_underground":false,"has_parts":false,"version":1}},
{"id":"6531475d-ffc3-4d6f-a03e-2485dadbdb6d","type":"Feature","geometry":{"type":"Polygon","coordinates":[[[26.1257406,44.4282423],[26.1257444,44.4282248],[26.1257066,44.4282207],[26.1257186,44.4281649],[26.1258909,44.4281839],[26.125875,44.4282571],[26.1257406,44.4282423]]]},"properties":{"sources":[{"property":"","dataset":"OpenStreetMap","license":"ODbL-1.0","record_id":"w183846889@1","update_time":"2019-02-08T19:20:47.000Z","confidence":null,"between":null,"provider":"osm","resource":"planet","version":"2026-08-02T00:00:00.000Z"}],"is_underground":false,"has_parts":false,"version":1}},
{"id":"c60a8384-2ca3-464f-8253-f1a230b3d44d","type":"Feature","geometry":{"type":"Polygon","coordinates":[[[26.1267693,44.4283231],[26.1267845,44.4282697],[26.1270863,44.4283017],[26.1270746,44.4283541],[26.1267693,44.4283231]]]},"properties":{"sources":[{"property":"","dataset":"OpenStreetMap","license":"ODbL-1.0","record_id":"w244614179@7","update_time":"2026-01-29T08:11:50.000Z","confidence":null,"between":null,"provider":"osm","resource":"planet","version":"2026-08-02T00:00:00.000Z"}],"is_underground":false,"num_floors":2,"subtype":"residential","class":"house","roof_shape":"skillion","has_parts":false,"version":2}},
{"id":"3d8445b9-7df0-4c81-b751-cc4146cad50a","type":"Feature","geometry":{"type":"Polygon","coordinates":[[[26.1270863,44.4283017],[26.1267845,44.4282697],[26.126797,44.4282092],[26.1270954,44.4282407],[26.1270863,44.4283017]]]},"properties":{"sources":[{"property":"","dataset":"OpenStreetMap","license":"ODbL-1.0","record_id":"w244614175@3","update_time":"2026-01-29T08:11:50.000Z","confidence":null,"between":null,"provider":"osm","resource":"planet","version":"2026-08-02T00:00:00.000Z"}],"is_underground":false,"num_floors":1,"subtype":"residential","class":"house","roof_shape":"hipped","has_parts":false,"version":2}},
{"id":"7d6bb27e-5acd-440e-9ed7-02dfc2a4463e","type":"Feature","geometry":{"type":"Polygon","coordinates":[[[26.1262147,44.428385],[26.1260325,44.4283639],[26.1260472,44.4282716],[26.1262368,44.428298],[26.1262147,44.428385]]]},"properties":{"sources":[{"property":"","dataset":"OpenStreetMap","license":"ODbL-1.0","record_id":"w183846857@2","update_time":"2014-12-06T06:14:08.000Z","confidence":null,"between":null,"provider":"osm","resource":"planet","version":"2026-08-02T00:00:00.000Z"}],"is_underground":false,"has_parts":false,"version":1}},
{"id":"8166d61d-b88a-4f0c-9e31-e919caf5a656","type":"Feature","geometry":{"type":"Polygon","coordinates":[[[26.1262073,44.4282637],[26.126053,44.4282459],[26.1260652,44.4281793],[26.1262241,44.428197],[26.1262073,44.4282637]]]},"properties":{"sources":[{"property":"","dataset":"OpenStreetMap","license":"ODbL-1.0","record_id":"w183846858@2","update_time":"2026-01-29T08:11:50.000Z","confidence":null,"between":null,"provider":"osm","resource":"planet","version":"2026-08-02T00:00:00.000Z"}],"is_underground":false,"has_parts":false,"version":2}},
{"id":"92fd523a-5c39-4541-bbfa-df5cc6cdd629","type":"Feature","geometry":{"type":"Polygon","coordinates":[[[26.1265987,44.4283288],[26.1265719,44.4284322],[26.1262581,44.4283996],[26.1262849,44.4282522],[26.126419,44.4282636],[26.1264083,44.4283077],[26.1265987,44.4283288]]]},"properties":{"sources":[{"property":"","dataset":"OpenStreetMap","license":"ODbL-1.0","record_id":"w430614553@1","update_time":"2016-07-12T16:34:51.000Z","confidence":null,"between":null,"provider":"osm","resource":"planet","version":"2026-08-02T00:00:00.000Z"}],"is_underground":false,"has_parts":false,"version":1}},
{"id":"b067242e-f8ca-433e-8b16-666f44408413","type":"Feature","geometry":{"type":"Polygon","coordinates":[[[26.1266112,44.428189],[26.1264654,44.4281721],[26.1264807,44.4281051],[26.1266265,44.428122],[26.1266112,44.428189]]]},"properties":{"sources":[{"property":"","dataset":"OpenStreetMap","license":"ODbL-1.0","record_id":"w1472193985@1","update_time":"2026-01-29T08:11:50.000Z","confidence":null,"between":null,"provider":"osm","resource":"planet","version":"2026-08-02T00:00:00.000Z"}],"is_underground":false,"has_parts":false,"version":4}},
{"id":"67101dc9-7a8f-465b-9d61-556f68105f69","type":"Feature","geometry":{"type":"Polygon","coordinates":[[[26.1266133,44.428227],[26.1266011,44.4282783],[26.1262859,44.4282401],[26.126269,44.4282349],[26.1262923,44.4281338],[26.1263366,44.4280855],[26.1263976,44.4280929],[26.1263726,44.4281978],[26.1266133,44.428227]]]},"properties":{"sources":[{"property":"","dataset":"OpenStreetMap","license":"ODbL-1.0","record_id":"w1472193986@1","update_time":"2026-01-29T08:11:50.000Z","confidence":null,"between":null,"provider":"osm","resource":"planet","version":"2026-08-02T00:00:00.000Z"}],"is_underground":false,"has_parts":false,"version":1}},
{"id":"d02da871-0c15-49de-81a6-9b923e297d84","type":"Feature","geometry":{"type":"Polygon","coordinates":[[[26.1265989,44.4280032],[26.1264382,44.4279852],[26.1264504,44.4279295],[26.1266111,44.4279476],[26.1265989,44.4280032]]]},"properties":{"sources":[{"property":"","dataset":"OpenStreetMap","license":"ODbL-1.0","record_id":"w497935731@1","update_time":"2017-06-03T19:56:36.000Z","confidence":null,"between":null,"provider":"osm","resource":"planet","version":"2026-08-02T00:00:00.000Z"}],"is_underground":false,"has_parts":false,"version":1}},
{"id":"09c3c842-e0ab-4481-af12-4b265ec145d0","type":"Feature","geometry":{"type":"Polygon","coordinates":[[[26.1262538,44.42814],[26.1260884,44.4280953],[26.126123,44.4280442],[26.1262865,44.4280891],[26.1262538,44.42814]]]},"properties":{"sources":[{"property":"","dataset":"OpenStreetMap","license":"ODbL-1.0","record_id":"w183846859@2","update_time":"2026-01-29T08:11:50.000Z","confidence":null,"between":null,"provider":"osm","resource":"planet","version":"2026-08-02T00:00:00.000Z"}],"is_underground":false,"has_parts":false,"version":2}},
{"id":"f61f673e-58cf-4fc2-ad7b-5229acc88f0d","type":"Feature","geometry":{"type":"Polygon","coordinates":[[[26.1262373,44.4281852],[26.1260658,44.4281667],[26.1260884,44.4280953],[26.1262538,44.42814],[26.1262373,44.4281852]]]},"properties":{"sources":[{"property":"","dataset":"OpenStreetMap","license":"ODbL-1.0","record_id":"w183846860@3","update_time":"2026-01-29T08:11:50.000Z","confidence":null,"between":null,"provider":"osm","resource":"planet","version":"2026-08-02T00:00:00.000Z"}],"is_underground":false,"has_parts":false,"version":2}},
{"id":"00a23218-091f-4d4f-af29-04c79df11726","type":"Feature","geometry":{"type":"Polygon","coordinates":[[[26.1263127,44.4278469],[26.1261226,44.4278241],[26.1261608,44.427662],[26.1263509,44.4276849],[26.1263127,44.4278469]]]},"properties":{"names":{"primary":"Bl. A3","common":null,"rules":null},"sources":[{"property":"","dataset":"OpenStreetMap","license":"ODbL-1.0","record_id":"w84207441@7","update_time":"2026-01-29T08:38:12.000Z","confidence":null,"between":null,"provider":"osm","resource":"planet","version":"2026-08-02T00:00:00.000Z"}],"is_underground":false,"num_floors":11,"subtype":"residential","class":"apartments","has_parts":false,"version":1}},
{"id":"5bc91cb0-c70e-41ce-9418-c71ed3252570","type":"Feature","geometry":{"type":"Polygon","coordinates":[[[26.12661,44.4279289],[26.126459,44.4279087],[26.1264764,44.4278424],[26.1266273,44.4278625],[26.12661,44.4279289]]]},"properties":{"sources":[{"property":"","dataset":"OpenStreetMap","license":"ODbL-1.0","record_id":"w497935728@1","update_time":"2017-06-03T19:56:35.000Z","confidence":null,"between":null,"provider":"osm","resource":"planet","version":"2026-08-02T00:00:00.000Z"}],"is_underground":false,"has_parts":false,"version":1}},
{"id":"a3fa73e2-fab1-491e-a7ea-8ebc7dcac614","type":"Feature","geometry":{"type":"Polygon","coordinates":[[[26.1267222,44.427664300000004],[26.1267053,44.4277221],[26.1264899,44.42769],[26.1265256,44.427568],[26.1267416,44.4276002],[26.1267305,44.4276381],[26.1265717,44.4276144],[26.126564,44.4276408],[26.1267222,44.427664300000004]]]},"properties":{"sources":[{"property":"","dataset":"OpenStreetMap","license":"ODbL-1.0","record_id":"w497848628@1","update_time":"2026-01-29T08:38:12.000Z","confidence":null,"between":null,"provider":"osm","resource":"planet","version":"2026-08-02T00:00:00.000Z"}],"is_underground":false,"has_parts":false,"version":2}},
{"id":"dc3cb763-02bc-4864-bf89-9fa0238a9178","type":"Feature","geometry":{"type":"Polygon","coordinates":[[[26.1266779,44.4278027],[26.1264794,44.4277757],[26.1264927,44.4277259],[26.1266911,44.4277529],[26.1266779,44.4278027]]]},"properties":{"sources":[{"property":"","dataset":"OpenStreetMap","license":"ODbL-1.0","record_id":"w497848637@1","update_time":"2017-06-03T09:45:32.000Z","confidence":null,"between":null,"provider":"osm","resource":"planet","version":"2026-08-02T00:00:00.000Z"}],"is_underground":false,"has_parts":false,"version":1}},
{"id":"b9ac931c-3cfe-4dce-8bdc-b470b8705a59","type":"Feature","geometry":{"type":"Polygon","coordinates":[[[26.127047,44.4282248],[26.1268175,44.4281998],[26.1268261,44.4281401],[26.1271483,44.4281827],[26.1271434,44.4282141],[26.1270548,44.4282021],[26.127047,44.4282248]]]},"properties":{"sources":[{"property":"","dataset":"OpenStreetMap","license":"ODbL-1.0","record_id":"w244614195@4","update_time":"2021-11-13T12:16:42.000Z","confidence":null,"between":null,"provider":"osm","resource":"planet","version":"2026-08-02T00:00:00.000Z"}],"is_underground":false,"num_floors":1,"subtype":"residential","class":"house","has_parts":false,"version":1}},
{"id":"06451cd8-e926-49d9-9a41-a36c90e1be62","type":"Feature","geometry":{"type":"Polygon","coordinates":[[[26.1271483,44.4281827],[26.1268261,44.4281401],[26.1268391,44.4280815],[26.1270786,44.4281137],[26.1270719,44.4281384],[26.1271535,44.4281501],[26.1271483,44.4281827]]]},"properties":{"sources":[{"property":"","dataset":"OpenStreetMap","license":"ODbL-1.0","record_id":"w244614162@4","update_time":"2021-11-13T12:16:52.000Z","confidence":null,"between":null,"provider":"osm","resource":"planet","version":"2026-08-02T00:00:00.000Z"}],"is_underground":false,"num_floors":1,"subtype":"residential","class":"house","roof_shape":"hipped","has_parts":false,"version":1}},
{"id":"1f31cdd3-9e7b-4688-9cb0-c37714f7db77","type":"Feature","geometry":{"type":"Polygon","coordinates":[[[26.1270194,44.4280212],[26.1271786,44.428041],[26.1271622,44.4281088],[26.1271109,44.4281024],[26.1271182,44.4280723],[26.1270102,44.428059],[26.1270194,44.4280212]]]},"properties":{"sources":[{"property":"","dataset":"OpenStreetMap","license":"ODbL-1.0","record_id":"w1484381832@1","update_time":"2026-03-01T20:17:43.000Z","confidence":null,"between":null,"provider":"osm","resource":"planet","version":"2026-08-02T00:00:00.000Z"}],"is_underground":false,"has_parts":false,"version":1}},
{"id":"2629f632-0d72-4312-9580-077432accce8","type":"Feature","geometry":{"type":"Polygon","coordinates":[[[26.1270194,44.4280212],[26.1267983,44.4279937],[26.1268158,44.427922],[26.1269435,44.4279379],[26.1269391,44.4279557],[26.1271102,44.427977],[26.127121,44.4279328],[26.1272025,44.427943],[26.1271786,44.428041],[26.1270194,44.4280212]]]},"properties":{"sources":[{"property":"","dataset":"OpenStreetMap","license":"ODbL-1.0","record_id":"w1484381831@1","update_time":"2026-03-01T20:17:43.000Z","confidence":null,"between":null,"provider":"osm","resource":"planet","version":"2026-08-02T00:00:00.000Z"}],"is_underground":false,"has_parts":false,"version":1}},
{"id":"809c1e02-ba9a-44fa-8078-a0795725480b","type":"Feature","geometry":{"type":"Polygon","coordinates":[[[26.127221,44.4278394],[26.1268545,44.427795],[26.1268718,44.4277219],[26.1270328,44.4277414],[26.1270268,44.4277664],[26.1271101,44.4277764],[26.1271132,44.4277632],[26.1271856,44.4277719],[26.1271805,44.4277934],[26.1272305,44.4277994],[26.127221,44.4278394]]]},"properties":{"sources":[{"property":"","dataset":"OpenStreetMap","license":"ODbL-1.0","record_id":"w1472197837@1","update_time":"2026-01-29T08:38:12.000Z","confidence":null,"between":null,"provider":"osm","resource":"planet","version":"2026-08-02T00:00:00.000Z"}],"is_underground":false,"has_parts":false,"version":1}},
{"id":"8bd732e8-45cd-4099-ac07-932de3a14f23","type":"Feature","geometry":{"type":"Polygon","coordinates":[[[26.1271908,44.4279299],[26.1268383,44.4278825],[26.1268573,44.4278107],[26.1269572,44.4278241],[26.1269524,44.4278425],[26.1271296,44.4278663],[26.1271352,44.4278448],[26.1272106,44.427855],[26.1271908,44.4279299]]]},"properties":{"sources":[{"property":"","dataset":"OpenStreetMap","license":"ODbL-1.0","record_id":"w1484381833@1","update_time":"2026-03-01T20:17:43.000Z","confidence":null,"between":null,"provider":"osm","resource":"planet","version":"2026-08-02T00:00:00.000Z"}],"is_underground":false,"has_parts":false,"version":1}},
{"id":"3de8ff71-7227-4cf2-91fd-58e2808c867f","type":"Feature","geometry":{"type":"Polygon","coordinates":[[[26.1271798,44.4276498],[26.1269222,44.4276129],[26.1269354,44.427565800000004],[26.1271134,44.4275913],[26.1271216,44.4275619],[26.1272012,44.4275733],[26.1271798,44.4276498]]]},"properties":{"sources":[{"property":"","dataset":"OpenStreetMap","license":"ODbL-1.0","record_id":"w497935737@1","update_time":"2017-06-03T19:56:36.000Z","confidence":null,"between":null,"provider":"osm","resource":"planet","version":"2026-08-02T00:00:00.000Z"}],"is_underground":false,"has_parts":false,"version":1}},
{"id":"e1bfa3e8-bf21-4a68-95ff-16ea2e43c172","type":"Feature","geometry":{"type":"Polygon","coordinates":[[[26.1271339,44.4277442],[26.1268856,44.4277129],[26.1268997,44.4276559],[26.126953,44.4276626],[26.1269581,44.4276419],[26.1271531,44.4276665],[26.1271339,44.4277442]]]},"properties":{"sources":[{"property":"","dataset":"OpenStreetMap","license":"ODbL-1.0","record_id":"w497935747@4","update_time":"2021-11-13T12:20:56.000Z","confidence":null,"between":null,"provider":"osm","resource":"planet","version":"2026-08-02T00:00:00.000Z"}],"is_underground":false,"num_floors":1,"subtype":"residential","class":"detached","roof_shape":"hipped","has_parts":false,"version":1}},
{"id":"48d5935c-eff7-4928-b95d-60d111f9f88f","type":"Feature","geometry":{"type":"Polygon","coordinates":[[[26.1272746,44.4275684],[26.1272048,44.427555],[26.1272236,44.4274745],[26.1274301,44.4275071],[26.1274122,44.4275717],[26.1276152,44.4276297],[26.1275964,44.4277197],[26.1273228,44.4276354],[26.1273129,44.4276713],[26.1272459,44.4276599],[26.1272746,44.4275684]]]},"properties":{"sources":[{"property":"","dataset":"OpenStreetMap","license":"ODbL-1.0","record_id":"w497935735@1","update_time":"2017-06-03T19:56:36.000Z","confidence":null,"between":null,"provider":"osm","resource":"planet","version":"2026-08-02T00:00:00.000Z"}],"is_underground":false,"has_parts":false,"version":1}},
{"id":"2f504ef3-7ae6-41d1-a97d-edda7912a414","type":"Feature","geometry":{"type":"Polygon","coordinates":[[[26.127591,44.4278107],[26.1272144,44.4277599],[26.1272297,44.4277019],[26.1276063,44.4277527],[26.127591,44.4278107]]]},"properties":{"sources":[{"property":"","dataset":"OpenStreetMap","license":"ODbL-1.0","record_id":"w497935739@1","update_time":"2017-06-03T19:56:36.000Z","confidence":null,"between":null,"provider":"osm","resource":"planet","version":"2026-08-02T00:00:00.000Z"}],"is_underground":false,"has_parts":false,"version":1}},
{"id":"a10498e5-c948-4f99-a9ee-d42d7f0ccbba","type":"Feature","geometry":{"type":"Polygon","coordinates":[[[26.127331,44.4279473],[26.1272106,44.427932],[26.127228,44.4278618],[26.1272956,44.4278703],[26.1272908,44.4278894],[26.1273437,44.4278961],[26.127331,44.4279473]]]},"properties":{"sources":[{"property":"","dataset":"OpenStreetMap","license":"ODbL-1.0","record_id":"w1484381834@1","update_time":"2026-03-01T20:17:43.000Z","confidence":null,"between":null,"provider":"osm","resource":"planet","version":"2026-08-02T00:00:00.000Z"}],"is_underground":false,"has_parts":false,"version":1}},
{"id":"2c6d5f82-92be-4d2b-b3e2-1bb7c043064a","type":"Feature","geometry":{"type":"Polygon","coordinates":[[[26.1273749,44.4281422],[26.1272611,44.4281247],[26.1272408,44.4281221],[26.1272669,44.4280177],[26.1273374,44.4280269],[26.1273533,44.4280084],[26.1275593,44.4280403],[26.1275175,44.4281782],[26.127372,44.4281607],[26.1273749,44.4281422]]]},"properties":{"sources":[{"property":"","dataset":"OpenStreetMap","license":"ODbL-1.0","record_id":"w244614201@1","update_time":"2016-07-12T16:34:51.000Z","confidence":null,"between":null,"provider":"osm","resource":"planet","version":"2026-08-02T00:00:00.000Z"}],"is_underground":false,"subtype":"residential","class":"house","has_parts":false,"version":1}},
{"id":"d375e55f-59ed-46f4-8f04-6f439e713e07","type":"Feature","geometry":{"type":"Polygon","coordinates":[[[26.1275808,44.4279022],[26.1273045,44.4278679],[26.1273168,44.4278173],[26.1275931,44.4278516],[26.1275808,44.4279022]]]},"properties":{"sources":[{"property":"","dataset":"OpenStreetMap","license":"ODbL-1.0","record_id":"w497935753@1","update_time":"2017-06-03T19:56:37.000Z","confidence":null,"between":null,"provider":"osm","resource":"planet","version":"2026-08-02T00:00:00.000Z"}],"is_underground":false,"has_parts":false,"version":1}},
{"id":"b0f0c119-77b3-4d89-840b-191b056ee2dc","type":"Feature","geometry":{"type":"Polygon","coordinates":[[[26.1275972,44.4276173],[26.1274642,44.4275759],[26.1274818,44.4275469],[26.1276149,44.4275883],[26.1275972,44.4276173]]]},"properties":{"sources":[{"property":"","dataset":"Microsoft ML Buildings","license":"ODbL-1.0","record_id":null,"update_time":"2019-07-27T00:00:00.000Z","confidence":null,"between":null,"provider":"microsoft","resource":"ml_buildings","version":"2025-02-25"}],"is_underground":false,"has_parts":false,"version":3}},
{"id":"0c059c86-06ab-42b7-a397-f49b3f04df24","type":"Feature","geometry":{"type":"Polygon","coordinates":[[[26.1279162,44.427729],[26.1277495,44.4277075],[26.127765,44.4276465],[26.1279316,44.427668],[26.1279162,44.427729]]]},"properties":{"sources":[{"property":"","dataset":"OpenStreetMap","license":"ODbL-1.0","record_id":"w497935742@1","update_time":"2017-06-03T19:56:36.000Z","confidence":null,"between":null,"provider":"osm","resource":"planet","version":"2026-08-02T00:00:00.000Z"}],"is_underground":false,"has_parts":false,"version":1}},
{"id":"77a69311-e44a-4248-902b-7e0fa0be37c4","type":"Feature","geometry":{"type":"Polygon","coordinates":[[[26.1277651,44.4277801],[26.1277771,44.4277479],[26.1279549,44.4277818],[26.1279429,44.427814],[26.1277651,44.4277801]]]},"properties":{"sources":[{"property":"","dataset":"Microsoft ML Buildings","license":"ODbL-1.0","record_id":null,"update_time":"2019-07-27T00:00:00.000Z","confidence":null,"between":null,"provider":"microsoft","resource":"ml_buildings","version":"2025-02-25"}],"is_underground":false,"has_parts":false,"version":3}},
{"id":"9b66afe6-40c0-48da-b463-f6dc20ee40d3","type":"Feature","geometry":{"type":"Polygon","coordinates":[[[26.1280722,44.4276748],[26.1278444,44.4276406],[26.1278622,44.4275801],[26.12809,44.4276143],[26.1280722,44.4276748]]]},"properties":{"sources":[{"property":"","dataset":"OpenStreetMap","license":"ODbL-1.0","record_id":"w497935749@1","update_time":"2017-06-03T19:56:37.000Z","confidence":null,"between":null,"provider":"osm","resource":"planet","version":"2026-08-02T00:00:00.000Z"}],"is_underground":false,"has_parts":false,"version":1}},
{"id":"f6f08896-767c-4229-ad9e-ed19d52864cc","type":"Feature","geometry":{"type":"Polygon","coordinates":[[[26.1283138,44.4278234],[26.1281965,44.4278028],[26.1282212,44.4277311],[26.1281408,44.427717],[26.1281598,44.4276618],[26.1281826,44.4276658],[26.1281883,44.4276493],[26.128262,44.4276623],[26.128253,44.4276882],[26.1283543,44.427706],[26.1283138,44.4278234]]]},"properties":{"sources":[{"property":"","dataset":"OpenStreetMap","license":"ODbL-1.0","record_id":"w1472194006@1","update_time":"2026-01-29T08:11:50.000Z","confidence":null,"between":null,"provider":"osm","resource":"planet","version":"2026-08-02T00:00:00.000Z"}],"is_underground":false,"has_parts":false,"version":2}},
{"id":"c74be81a-6d2f-406d-b190-27a24343b358","type":"Feature","geometry":{"type":"Polygon","coordinates":[[[26.1283032,44.427931],[26.1281195,44.4279052],[26.1281302,44.4278665],[26.1282169,44.4278787],[26.1282209,44.4278644],[26.1282393,44.427867],[26.1282445,44.4278481],[26.128323,44.4278591],[26.1283032,44.427931]]]},"properties":{"sources":[{"property":"","dataset":"OpenStreetMap","license":"ODbL-1.0","record_id":"w1472194005@1","update_time":"2026-01-29T08:11:50.000Z","confidence":null,"between":null,"provider":"osm","resource":"planet","version":"2026-08-02T00:00:00.000Z"}],"is_underground":false,"has_parts":false,"version":1}},
{"id":"dadb56a2-2a13-486d-8f09-51157763ca1f","type":"Feature","geometry":{"type":"Polygon","coordinates":[[[26.1279659,44.4278095],[26.1280394,44.4278104],[26.1280385,44.4278457],[26.127965,44.4278448],[26.1279659,44.4278095]]]},"properties":{"sources":[{"property":"","dataset":"Microsoft ML Buildings","license":"ODbL-1.0","record_id":null,"update_time":"2019-07-27T00:00:00.000Z","confidence":null,"between":null,"provider":"microsoft","resource":"ml_buildings","version":"2025-02-25"}],"is_underground":false,"has_parts":false,"version":3}},
{"id":"a8ac94fd-6a9f-448d-be03-d63a37222268","type":"Feature","geometry":{"type":"Polygon","coordinates":[[[26.1281655,44.4280199],[26.12808,44.4280085],[26.1281067,44.427907],[26.1282908,44.4279317],[26.1282789,44.4279771],[26.1281802,44.4279639],[26.1281655,44.4280199]]]},"properties":{"sources":[{"property":"","dataset":"OpenStreetMap","license":"ODbL-1.0","record_id":"w497935730@1","update_time":"2017-06-03T19:56:35.000Z","confidence":null,"between":null,"provider":"osm","resource":"planet","version":"2026-08-02T00:00:00.000Z"}],"is_underground":false,"has_parts":false,"version":1}},
{"id":"f42dc5c7-2316-4bbf-b294-1b7ca51c616d","type":"Feature","geometry":{"type":"Polygon","coordinates":[[[26.1282495,44.4282162],[26.1280963,44.4281974],[26.1281196,44.4281009],[26.1282728,44.4281197],[26.1282495,44.4282162]]]},"properties":{"sources":[{"property":"","dataset":"OpenStreetMap","license":"ODbL-1.0","record_id":"w497935754@1","update_time":"2017-06-03T19:56:37.000Z","confidence":null,"between":null,"provider":"osm","resource":"planet","version":"2026-08-02T00:00:00.000Z"}],"is_underground":false,"has_parts":false,"version":1}},
{"id":"d4417840-573d-494c-8e3e-9611e882cbba","type":"Feature","geometry":{"type":"Polygon","coordinates":[[[26.1276836,44.428035],[26.1277144,44.4279284],[26.1277414,44.4278347],[26.1280854,44.4278852],[26.1280276,44.4280856],[26.1276836,44.428035]]]},"properties":{"sources":[{"property":"","dataset":"OpenStreetMap","license":"ODbL-1.0","record_id":"w497935724@1","update_time":"2017-06-03T19:56:35.000Z","confidence":null,"between":null,"provider":"osm","resource":"planet","version":"2026-08-02T00:00:00.000Z"}],"is_underground":false,"has_parts":false,"version":1}},
{"id":"af8c3f68-5413-4aec-8056-83996f5c0b65","type":"Feature","geometry":{"type":"Polygon","coordinates":[[[26.1279533,44.4282197],[26.1276433,44.428177],[26.1276749,44.4280601],[26.1280547,44.4281125],[26.1280357,44.4281825],[26.127966,44.4281729],[26.1279533,44.4282197]]]},"properties":{"sources":[{"property":"","dataset":"OpenStreetMap","license":"ODbL-1.0","record_id":"w497937070@1","update_time":"2017-06-03T20:08:31.000Z","confidence":null,"between":null,"provider":"osm","resource":"planet","version":"2026-08-02T00:00:00.000Z"}],"is_underground":false,"has_parts":false,"version":1}},
{"id":"c0141a19-e19d-4cf5-a506-316193d7085c","type":"Feature","geometry":{"type":"Polygon","coordinates":[[[26.1279338,44.4282991],[26.1276316,44.428256],[26.1276443,44.4282104],[26.1279466,44.4282535],[26.1279338,44.4282991]]]},"properties":{"sources":[{"property":"","dataset":"OpenStreetMap","license":"ODbL-1.0","record_id":"w497937075@1","update_time":"2017-06-03T20:08:31.000Z","confidence":null,"between":null,"provider":"osm","resource":"planet","version":"2026-08-02T00:00:00.000Z"}],"is_underground":false,"has_parts":false,"version":1}},
{"id":"34ca1da1-cc39-42a5-abb3-6f1dd9f0ca8b","type":"Feature","geometry":{"type":"Polygon","coordinates":[[[26.1273835,44.4281929],[26.127376,44.4282166],[26.127519,44.4282396],[26.1275043,44.4282862],[26.1271454,44.4282286],[26.1271713,44.4281465],[26.1273387,44.4281734],[26.127335,44.4281851],[26.1273835,44.4281929]]]},"properties":{"sources":[{"property":"","dataset":"Microsoft ML Buildings","license":"ODbL-1.0","record_id":null,"update_time":"2019-07-27T00:00:00.000Z","confidence":null,"between":null,"provider":"microsoft","resource":"ml_buildings","version":"2025-02-25"}],"is_underground":false,"has_parts":false,"version":1}},
{"id":"f555546d-4a4b-4a19-9a06-333a574d0c19","type":"Feature","geometry":{"type":"Polygon","coordinates":[[[26.1293128,44.4283707],[26.1290153,44.4283287],[26.1290295,44.4282747],[26.1291499,44.4282909],[26.1291556,44.428269],[26.1295357,44.4283268],[26.1295104,44.4283949],[26.1294726,44.428522],[26.129366,44.4285042],[26.1293597,44.4285219],[26.1292711,44.4285089],[26.1293128,44.4283707]]]},"properties":{"sources":[{"property":"","dataset":"OpenStreetMap","license":"ODbL-1.0","record_id":"w497935727@6","update_time":"2026-07-23T08:12:28.000Z","confidence":null,"between":null,"provider":"osm","resource":"planet","version":"2026-08-02T00:00:00.000Z"}],"is_underground":false,"num_floors":3,"subtype":"residential","class":"apartments","roof_shape":"saltbox","has_parts":false,"version":2}},
{"id":"01fbe956-9b98-4bc2-b5db-fdc5279a64c1","type":"Feature","geometry":{"type":"Polygon","coordinates":[[[26.1292803,44.4282791],[26.1290866,44.4282525],[26.1290996,44.4282041],[26.1292933,44.4282307],[26.1292803,44.4282791]]]},"properties":{"sources":[{"property":"","dataset":"OpenStreetMap","license":"ODbL-1.0","record_id":"w1393128024@1","update_time":"2025-06-07T21:07:26.000Z","confidence":null,"between":null,"provider":"osm","resource":"planet","version":"2026-08-02T00:00:00.000Z"}],"is_underground":false,"has_parts":false,"version":1}},
{"id":"327ec7d2-3e6f-44f3-b74c-28cb8753de3c","type":"Feature","geometry":{"type":"Polygon","coordinates":[[[26.1284361,44.4284253],[26.1282982,44.4283999],[26.1283491,44.4282625],[26.1284653,44.4282802],[26.1284308,44.428363],[26.1284609,44.4283684],[26.1284361,44.4284253]]]},"properties":{"sources":[{"property":"","dataset":"OpenStreetMap","license":"ODbL-1.0","record_id":"w497935738@2","update_time":"2025-06-07T21:07:26.000Z","confidence":null,"between":null,"provider":"osm","resource":"planet","version":"2026-08-02T00:00:00.000Z"}],"is_underground":false,"has_parts":false,"version":1}},
{"id":"bfd9269a-e7d8-45b9-97a5-a5c6620e72df","type":"Feature","geometry":{"type":"Polygon","coordinates":[[[26.1284804,44.4282575],[26.12829,44.428237],[26.1283049,44.4281663],[26.1284953,44.4281868],[26.1284804,44.4282575]]]},"properties":{"sources":[{"property":"","dataset":"OpenStreetMap","license":"ODbL-1.0","record_id":"w497935748@1","update_time":"2017-06-03T19:56:36.000Z","confidence":null,"between":null,"provider":"osm","resource":"planet","version":"2026-08-02T00:00:00.000Z"}],"is_underground":false,"has_parts":false,"version":1}},
{"id":"43901b67-67f9-4f57-9407-a254ac7b96b4","type":"Feature","geometry":{"type":"Polygon","coordinates":[[[26.1287864,44.4283563],[26.128591,44.4283465],[26.1285953,44.4282997],[26.1286111,44.4283005],[26.1286143,44.4282628],[26.1286597,44.428265],[26.1286618,44.4282386],[26.128798,44.4282454],[26.1287864,44.4283563]]]},"properties":{"sources":[{"property":"","dataset":"OpenStreetMap","license":"ODbL-1.0","record_id":"w1472193990@1","update_time":"2026-01-29T08:11:50.000Z","confidence":null,"between":null,"provider":"osm","resource":"planet","version":"2026-08-02T00:00:00.000Z"}],"is_underground":false,"has_parts":false,"version":4}},
{"id":"927f77e8-578f-466d-9f0e-f06bb2b82b3c","type":"Feature","geometry":{"type":"Polygon","coordinates":[[[26.1288718,44.4281682],[26.1287369,44.4281566],[26.128754700000002,44.4280511],[26.1288896,44.4280626],[26.1288718,44.4281682]]]},"properties":{"sources":[{"property":"","dataset":"OpenStreetMap","license":"ODbL-1.0","record_id":"w1472194010@1","update_time":"2026-01-29T08:11:50.000Z","confidence":null,"between":null,"provider":"osm","resource":"planet","version":"2026-08-02T00:00:00.000Z"}],"is_underground":false,"has_parts":false,"version":1}},
{"id":"1a1ec0f8-8598-4776-9806-fbe797f6bb4e","type":"Feature","geometry":{"type":"Polygon","coordinates":[[[26.1288879,44.4279643],[26.1286666,44.4279347],[26.1286869,44.4278573],[26.1289082,44.4278868],[26.1288879,44.4279643]]]},"properties":{"sources":[{"property":"","dataset":"OpenStreetMap","license":"ODbL-1.0","record_id":"w497935752@3","update_time":"2021-05-19T11:27:43.000Z","confidence":null,"between":null,"provider":"osm","resource":"planet","version":"2026-08-02T00:00:00.000Z"}],"is_underground":false,"num_floors":1,"subtype":"residential","class":"house","has_parts":false,"version":1}},
{"id":"f5570896-e92a-438a-bd23-d0b48ecf1493","type":"Feature","geometry":{"type":"Polygon","coordinates":[[[26.1286794,44.4280302],[26.1286018,44.4280227],[26.128611,44.4279743],[26.1289055,44.4280027],[26.1288944,44.4280613],[26.1286775,44.4280404],[26.1286794,44.4280302]]]},"properties":{"sources":[{"property":"","dataset":"OpenStreetMap","license":"ODbL-1.0","record_id":"w1472194011@1","update_time":"2026-01-29T08:11:50.000Z","confidence":null,"between":null,"provider":"osm","resource":"planet","version":"2026-08-02T00:00:00.000Z"}],"is_underground":false,"has_parts":false,"version":1}},
{"id":"d611cc92-35cb-4586-ad7b-3fab4b44066b","type":"Feature","geometry":{"type":"Polygon","coordinates":[[[26.128613,44.4281543],[26.1285407,44.4281462],[26.1285546,44.4280828],[26.1286269,44.4280908],[26.128613,44.4281543]]]},"properties":{"sources":[{"property":"","dataset":"OpenStreetMap","license":"ODbL-1.0","record_id":"w1393128023@1","update_time":"2025-06-07T21:07:26.000Z","confidence":null,"between":null,"provider":"osm","resource":"planet","version":"2026-08-02T00:00:00.000Z"}],"is_underground":false,"has_parts":false,"version":1}},
{"id":"322e6fb5-6580-4c32-9908-9f85080a25aa","type":"Feature","geometry":{"type":"Polygon","coordinates":[[[26.1285342,44.428103],[26.1284039,44.4280854],[26.1284201,44.4280247],[26.1283544,44.4280157],[26.1283688,44.4279618],[26.1285648,44.4279884],[26.1285342,44.428103]]]},"properties":{"sources":[{"property":"","dataset":"OpenStreetMap","license":"ODbL-1.0","record_id":"w497935734@1","update_time":"2017-06-03T19:56:36.000Z","confidence":null,"between":null,"provider":"osm","resource":"planet","version":"2026-08-02T00:00:00.000Z"}],"is_underground":false,"has_parts":false,"version":1}},
{"id":"05a3fbad-b4a0-4dcf-bce4-4c323f097abc","type":"Feature","geometry":{"type":"Polygon","coordinates":[[[26.1285294,44.4279214],[26.1284035,44.4279042],[26.1284302,44.4278092],[26.1285558,44.4278281],[26.1285294,44.4279214]]]},"properties":{"sources":[{"property":"","dataset":"OpenStreetMap","license":"ODbL-1.0","record_id":"w863531393@1","update_time":"2026-01-29T08:11:50.000Z","confidence":null,"between":null,"provider":"osm","resource":"planet","version":"2026-08-02T00:00:00.000Z"}],"is_underground":false,"has_parts":false,"version":2}},
{"id":"4fe48adb-bc5f-4ea7-8794-54bee0ab225c","type":"Feature","geometry":{"type":"Polygon","coordinates":[[[26.1285886,44.4276573],[26.1284721,44.4276386],[26.1285075,44.4275264],[26.128624,44.4275452],[26.1285886,44.4276573]]]},"properties":{"sources":[{"property":"","dataset":"OpenStreetMap","license":"ODbL-1.0","record_id":"w497935736@5","update_time":"2026-07-23T08:12:28.000Z","confidence":null,"between":null,"provider":"osm","resource":"planet","version":"2026-08-02T00:00:00.000Z"}],"is_underground":false,"num_floors":2,"subtype":"residential","class":"apartments","roof_shape":"gambrel","has_parts":false,"version":1}},
{"id":"193c81cd-90a7-447c-beae-c3b8c186ad16","type":"Feature","geometry":{"type":"Polygon","coordinates":[[[26.1286915,44.4278439],[26.128427,44.4278023],[26.1284503,44.427727],[26.1287148,44.4277686],[26.1286915,44.4278439]]]},"properties":{"sources":[{"property":"","dataset":"OpenStreetMap","license":"ODbL-1.0","record_id":"w1472194004@1","update_time":"2026-01-29T08:11:50.000Z","confidence":null,"between":null,"provider":"osm","resource":"planet","version":"2026-08-02T00:00:00.000Z"}],"is_underground":false,"has_parts":false,"version":1}},
{"id":"e6664014-6849-4850-ba9a-5ae18e936856","type":"Feature","geometry":{"type":"Polygon","coordinates":[[[26.1286159,44.4279339],[26.1285294,44.4279214],[26.1285558,44.4278281],[26.1286701,44.4278446],[26.1286563,44.4278933],[26.1286285,44.4278893],[26.1286159,44.4279339]]]},"properties":{"sources":[{"property":"","dataset":"OpenStreetMap","license":"ODbL-1.0","record_id":"w1472194012@1","update_time":"2026-01-29T08:11:50.000Z","confidence":null,"between":null,"provider":"osm","resource":"planet","version":"2026-08-02T00:00:00.000Z"}],"is_underground":false,"has_parts":false,"version":1}},
{"id":"4a47c23c-2761-44ea-97aa-b54fb9e56a24","type":"Feature","geometry":{"type":"Polygon","coordinates":[[[26.1288871,44.4277934],[26.1284477,44.4277217],[26.1284578,44.4276808],[26.1289012,44.4277496],[26.1288871,44.4277934]]]},"properties":{"sources":[{"property":"","dataset":"OpenStreetMap","license":"ODbL-1.0","record_id":"w1472194007@1","update_time":"2026-01-29T08:11:50.000Z","confidence":null,"between":null,"provider":"osm","resource":"planet","version":"2026-08-02T00:00:00.000Z"}],"is_underground":false,"has_parts":false,"version":1}},
{"id":"7d4375bd-1645-4636-8f47-3eafd8d57e40","type":"Feature","geometry":{"type":"Polygon","coordinates":[[[26.1287234,44.4277156],[26.1287105,44.4276912],[26.1287552,44.4276792],[26.128768,44.4277036],[26.1287234,44.4277156]]]},"properties":{"sources":[{"property":"","dataset":"Microsoft ML Buildings","license":"ODbL-1.0","record_id":null,"update_time":"2019-07-27T00:00:00.000Z","confidence":null,"between":null,"provider":"microsoft","resource":"ml_buildings","version":"2025-02-25"}],"is_underground":false,"has_parts":false,"version":3}},
{"id":"2d9b3c6f-6c4e-4405-8718-2f170cc45ce8","type":"Feature","geometry":{"type":"Polygon","coordinates":[[[26.128705,44.4275948],[26.1288226,44.4276085],[26.1288056,44.4276831],[26.128688,44.4276695],[26.128705,44.4275948]]]},"properties":{"sources":[{"property":"","dataset":"Microsoft ML Buildings","license":"ODbL-1.0","record_id":null,"update_time":"2019-07-27T00:00:00.000Z","confidence":null,"between":null,"provider":"microsoft","resource":"ml_buildings","version":"2025-02-25"}],"is_underground":false,"has_parts":false,"version":3}},
{"id":"88537d00-d4ee-433c-a9dc-40f3df0ebfe4","type":"Feature","geometry":{"type":"Polygon","coordinates":[[[26.129326,44.4282243],[26.1291063,44.4281919],[26.1291253,44.4281391],[26.1290546,44.4281255],[26.1290673,44.428078],[26.1293587,44.4281165],[26.129326,44.4282243]]]},"properties":{"sources":[{"property":"","dataset":"OpenStreetMap","license":"ODbL-1.0","record_id":"w1472193989@1","update_time":"2026-01-29T08:11:50.000Z","confidence":null,"between":null,"provider":"osm","resource":"planet","version":"2026-08-02T00:00:00.000Z"}],"is_underground":false,"has_parts":false,"version":1}},
{"id":"e2371ef0-d51c-4776-a930-4cf0147bb949","type":"Feature","geometry":{"type":"Polygon","coordinates":[[[26.1293179,44.4280987],[26.129215,44.4280647],[26.1292467,44.4280158],[26.1293496,44.4280498],[26.1293179,44.4280987]]]},"properties":{"sources":[{"property":"","dataset":"Microsoft ML Buildings","license":"ODbL-1.0","record_id":null,"update_time":"2019-07-27T00:00:00.000Z","confidence":null,"between":null,"provider":"microsoft","resource":"ml_buildings","version":"2025-02-25"}],"is_underground":false,"has_parts":false,"version":3}},
{"id":"cd77131b-02b3-43b7-97eb-beabc70850e7","type":"Feature","geometry":{"type":"Polygon","coordinates":[[[26.1291442,44.4279078],[26.1291692,44.4278356],[26.1292324,44.4278467],[26.1292074,44.4279189],[26.1291442,44.4279078]]]},"properties":{"sources":[{"property":"","dataset":"Microsoft ML Buildings","license":"ODbL-1.0","record_id":null,"update_time":"2019-07-27T00:00:00.000Z","confidence":null,"between":null,"provider":"microsoft","resource":"ml_buildings","version":"2025-02-25"}],"is_underground":false,"has_parts":false,"version":3}},
{"id":"048d9e94-c8cc-46ef-8ef4-268d70fe8c05","type":"Feature","geometry":{"type":"Polygon","coordinates":[[[26.1293524,44.427802],[26.1293312,44.4278465],[26.1291042,44.4278118],[26.1291317,44.4277153],[26.1292647,44.4277364],[26.1292489,44.4277869],[26.1293524,44.427802]]]},"properties":{"sources":[{"property":"","dataset":"OpenStreetMap","license":"ODbL-1.0","record_id":"w1472193991@1","update_time":"2026-01-29T08:11:50.000Z","confidence":null,"between":null,"provider":"osm","resource":"planet","version":"2026-08-02T00:00:00.000Z"}],"is_underground":false,"has_parts":false,"version":1}},
{"id":"405c466d-1ce4-4617-b361-cfb0d35f809d","type":"Feature","geometry":{"type":"Polygon","coordinates":[[[26.1292934,44.4273397],[26.129212,44.4272917],[26.1292934,44.4272207],[26.1293764,44.4272721],[26.1292934,44.4273397]]]},"properties":{"sources":[{"property":"","dataset":"OpenStreetMap","license":"ODbL-1.0","record_id":"w1472194001@1","update_time":"2026-01-29T08:11:50.000Z","confidence":null,"between":null,"provider":"osm","resource":"planet","version":"2026-08-02T00:00:00.000Z"}],"is_underground":false,"has_parts":false,"version":1}},
{"id":"7fcf5056-5760-4cb5-83ff-375ac45a421a","type":"Feature","geometry":{"type":"Polygon","coordinates":[[[26.1288723,44.4275398],[26.1288003,44.4275287],[26.1288747,44.4273828],[26.1289232,44.4273115],[26.128989,44.4273504],[26.1289334,44.4274364],[26.128892,44.4275065],[26.1288723,44.4275398]]]},"properties":{"sources":[{"property":"","dataset":"OpenStreetMap","license":"ODbL-1.0","record_id":"w1472193998@1","update_time":"2026-01-29T08:11:50.000Z","confidence":null,"between":null,"provider":"osm","resource":"planet","version":"2026-08-02T00:00:00.000Z"}],"is_underground":false,"has_parts":false,"version":1}},
{"id":"a22c7c28-2446-4b78-b9d3-a84bd24ed4fa","type":"Feature","geometry":{"type":"Polygon","coordinates":[[[26.1290179,44.4275628],[26.1288723,44.4275398],[26.128892,44.4275065],[26.1289146,44.4275136],[26.1289827,44.4274118],[26.129068,44.4274387],[26.1290179,44.4275628]]]},"properties":{"sources":[{"property":"","dataset":"OpenStreetMap","license":"ODbL-1.0","record_id":"w1472193999@1","update_time":"2026-01-29T08:11:50.000Z","confidence":null,"between":null,"provider":"osm","resource":"planet","version":"2026-08-02T00:00:00.000Z"}],"is_underground":false,"has_parts":false,"version":1}},
{"id":"309ff63e-e801-4a5a-a68a-17e5ba1137b3","type":"Feature","geometry":{"type":"Polygon","coordinates":[[[26.129024,44.4271476],[26.1288077,44.4270225],[26.1288866,44.4269529],[26.1291029,44.427078],[26.129024,44.4271476]]]},"properties":{"sources":[{"property":"","dataset":"OpenStreetMap","license":"ODbL-1.0","record_id":"w497935930@5","update_time":"2026-07-23T08:12:28.000Z","confidence":null,"between":null,"provider":"osm","resource":"planet","version":"2026-08-02T00:00:00.000Z"}],"is_underground":false,"num_floors":2,"subtype":"residential","class":"apartments","roof_shape":"hipped","has_parts":false,"version":1}},
{"id":"26aff760-ac9a-4001-9d3e-cc90e335df94","type":"Feature","geometry":{"type":"Polygon","coordinates":[[[26.129205,44.4272861],[26.1291369,44.4272458],[26.1292793,44.4271273],[26.1293443,44.4271687],[26.129205,44.4272861]]]},"properties":{"sources":[{"property":"","dataset":"OpenStreetMap","license":"ODbL-1.0","record_id":"w1472194002@1","update_time":"2026-01-29T08:11:50.000Z","confidence":null,"between":null,"provider":"osm","resource":"planet","version":"2026-08-02T00:00:00.000Z"}],"is_underground":false,"has_parts":false,"version":1}},
{"id":"4eb45f46-5b56-4905-8982-d629fa674ed2","type":"Feature","geometry":{"type":"Polygon","coordinates":[[[26.1294765,44.4271822],[26.1294343,44.4272152],[26.1292944,44.427124],[26.1293639,44.4270696],[26.1294702,44.427139],[26.129443,44.4271603],[26.1294765,44.4271822]]]},"properties":{"sources":[{"property":"","dataset":"OpenStreetMap","license":"ODbL-1.0","record_id":"w1472194003@1","update_time":"2026-01-29T08:11:50.000Z","confidence":null,"between":null,"provider":"osm","resource":"planet","version":"2026-08-02T00:00:00.000Z"}],"is_underground":false,"has_parts":false,"version":1}},
{"id":"63a967db-efcb-4a7d-8e1c-b34244c1a416","type":"Feature","geometry":{"type":"Polygon","coordinates":[[[26.1289163,44.426887],[26.1287373,44.4269807],[26.1286873,44.426932],[26.1287016,44.4269245],[26.1286881,44.4269114],[26.1287086,44.4269006],[26.1286993,44.4268916],[26.128722,44.4268797],[26.1287104,44.4268684],[26.1288319,44.4268048],[26.1289163,44.426887]]]},"properties":{"sources":[{"property":"","dataset":"OpenStreetMap","license":"ODbL-1.0","record_id":"w1393128018@1","update_time":"2025-06-07T21:07:26.000Z","confidence":null,"between":null,"provider":"osm","resource":"planet","version":"2026-08-02T00:00:00.000Z"}],"is_underground":false,"has_parts":false,"version":1}},
{"id":"da61e83b-8104-4bc5-9c26-7c969a6f95e7","type":"Feature","geometry":{"type":"Polygon","coordinates":[[[26.1275863,44.4260081],[26.1280461,44.4259959],[26.1281062,44.4260818],[26.128221,44.4261807],[26.1283723,44.4262656],[26.1286126,44.4263515],[26.1288186,44.4264005],[26.1289902,44.4264005],[26.1293164,44.4265966],[26.1291617,44.4267249],[26.1288787,44.4265476],[26.1285954,44.4265231],[26.1283723,44.4264557],[26.1281663,44.4263392],[26.1279345,44.4261492],[26.1276044,44.4261708],[26.1275863,44.4260081]]]},"properties":{"names":{"primary":"Bl. H1","common":null,"rules":null},"sources":[{"property":"","dataset":"OpenStreetMap","license":"ODbL-1.0","record_id":"w42459430@9","update_time":"2026-07-23T08:12:28.000Z","confidence":null,"between":null,"provider":"osm","resource":"planet","version":"2026-08-02T00:00:00.000Z"}],"is_underground":false,"num_floors":10,"subtype":"residential","class":"apartments","roof_shape":"flat","has_parts":false,"version":1}},
{"id":"93f27540-00fd-4bfb-9d76-ab913f3f7e4b","type":"Feature","geometry":{"type":"Polygon","coordinates":[[[26.1285673,44.4267908],[26.1284866,44.4268474],[26.1283843,44.4267729],[26.1284373,44.4267357],[26.1284485,44.4267439],[26.1284762,44.4267245],[26.1285673,44.4267908]]]},"properties":{"sources":[{"property":"","dataset":"OpenStreetMap","license":"ODbL-1.0","record_id":"w1393128019@1","update_time":"2025-06-07T21:07:26.000Z","confidence":null,"between":null,"provider":"osm","resource":"planet","version":"2026-08-02T00:00:00.000Z"}],"is_underground":false,"has_parts":false,"version":1}},
{"id":"8200ad15-fc64-4798-bc1f-6eef1fe34e8b","type":"Feature","geometry":{"type":"Polygon","coordinates":[[[26.1282458,44.4271437],[26.1282053,44.4271108],[26.1282087,44.4270956],[26.128221,44.4270627],[26.1282469,44.4270081],[26.1282941,44.4269423],[26.1284289,44.427025],[26.1283437,44.4271514],[26.1283199,44.4271405],[26.1283098,44.4271581],[26.1282458,44.4271437]]]},"properties":{"sources":[{"property":"","dataset":"OpenStreetMap","license":"ODbL-1.0","record_id":"w224713549@7","update_time":"2026-01-29T08:11:50.000Z","confidence":null,"between":null,"provider":"osm","resource":"planet","version":"2026-08-02T00:00:00.000Z"}],"is_underground":false,"num_floors":2,"subtype":"residential","class":"apartments","roof_shape":"skillion","has_parts":false,"version":2}},
{"id":"6d181814-1506-464e-8e29-d50bc8fe6606","type":"Feature","geometry":{"type":"Polygon","coordinates":[[[26.1286555,44.4273397],[26.128568,44.4273277],[26.1286078,44.4272028],[26.1286595,44.4271525],[26.1287205,44.4271765],[26.1286939,44.4272235],[26.1286743,44.4272743],[26.12867,44.4272893],[26.1286555,44.4273397]]]},"properties":{"sources":[{"property":"","dataset":"OpenStreetMap","license":"ODbL-1.0","record_id":"w1472193993@1","update_time":"2026-01-29T08:11:50.000Z","confidence":null,"between":null,"provider":"osm","resource":"planet","version":"2026-08-02T00:00:00.000Z"}],"is_underground":false,"has_parts":false,"version":1}},
{"id":"c45df386-9fed-4aeb-9c82-d82e583a5258","type":"Feature","geometry":{"type":"Polygon","coordinates":[[[26.1285694,44.4274163],[26.1285248,44.4274124],[26.1285538,44.4273258],[26.128568,44.4273277],[26.1286555,44.4273397],[26.1286399,44.4274191],[26.1286258,44.427418],[26.1286219,44.4274364],[26.1285671,44.4274308],[26.1285694,44.4274163]]]},"properties":{"sources":[{"property":"","dataset":"OpenStreetMap","license":"ODbL-1.0","record_id":"w1472193992@1","update_time":"2026-01-29T08:11:50.000Z","confidence":null,"between":null,"provider":"osm","resource":"planet","version":"2026-08-02T00:00:00.000Z"}],"is_underground":false,"has_parts":false,"version":1}},
{"id":"f5e461ad-5c0d-4e8a-b883-d141dae9a695","type":"Feature","geometry":{"type":"Polygon","coordinates":[[[26.1286864,44.4275124],[26.1286368,44.4275063],[26.1286834,44.4272972],[26.1287281,44.4273237],[26.1286864,44.4275124]]]},"properties":{"sources":[{"property":"","dataset":"OpenStreetMap","license":"ODbL-1.0","record_id":"w1472193996@1","update_time":"2026-01-29T08:11:50.000Z","confidence":null,"between":null,"provider":"osm","resource":"planet","version":"2026-08-02T00:00:00.000Z"}],"is_underground":false,"has_parts":false,"version":1}},
{"id":"3e67a5a9-008b-44ba-92bc-99e21e3ecf33","type":"Feature","geometry":{"type":"Polygon","coordinates":[[[26.1286834,44.4272972],[26.12867,44.4272893],[26.1286743,44.4272743],[26.1286939,44.4272235],[26.1287205,44.4271765],[26.1289303,44.4273012],[26.1289232,44.4273115],[26.1288747,44.4273828],[26.1288241,44.427359],[26.1288152,44.4273548],[26.128805,44.4273694],[26.1287281,44.4273237],[26.1286834,44.4272972]]]},"properties":{"sources":[{"property":"","dataset":"OpenStreetMap","license":"ODbL-1.0","record_id":"w1472193994@1","update_time":"2026-01-29T08:11:50.000Z","confidence":null,"between":null,"provider":"osm","resource":"planet","version":"2026-08-02T00:00:00.000Z"}],"is_underground":false,"has_parts":false,"version":1}},
{"id":"d0ef21d7-370d-4765-bafc-74fe6f2eb694","type":"Feature","geometry":{"type":"Polygon","coordinates":[[[26.1288003,44.4275287],[26.1287455,44.4275197],[26.1288241,44.427359],[26.1288747,44.4273828],[26.1288003,44.4275287]]]},"properties":{"sources":[{"property":"","dataset":"OpenStreetMap","license":"ODbL-1.0","record_id":"w1472193997@1","update_time":"2026-01-29T08:11:50.000Z","confidence":null,"between":null,"provider":"osm","resource":"planet","version":"2026-08-02T00:00:00.000Z"}],"is_underground":false,"has_parts":false,"version":1}},
{"id":"8f8a6f85-c14a-4bbd-9c72-3e5022eaee5b","type":"Feature","geometry":{"type":"Polygon","coordinates":[[[26.1288551,44.4276041],[26.1286266,44.4275767],[26.1286368,44.4275063],[26.1286864,44.4275124],[26.1287455,44.4275197],[26.1287416,44.4275309],[26.1288622,44.4275471],[26.1288551,44.4276041]]]},"properties":{"sources":[{"property":"","dataset":"OpenStreetMap","license":"ODbL-1.0","record_id":"w1472193995@1","update_time":"2026-01-29T08:11:50.000Z","confidence":null,"between":null,"provider":"osm","resource":"planet","version":"2026-08-02T00:00:00.000Z"}],"is_underground":false,"has_parts":false,"version":1}},
{"id":"f7f98b2e-26e5-4b40-a7f0-0b35823e5c4e","type":"Feature","geometry":{"type":"Polygon","coordinates":[[[26.128529,44.427486],[26.1285421,44.4274511],[26.1285837,44.427459],[26.1285705,44.427494],[26.128529,44.427486]]]},"properties":{"sources":[{"property":"","dataset":"Microsoft ML Buildings","license":"ODbL-1.0","record_id":null,"update_time":"2019-07-27T00:00:00.000Z","confidence":null,"between":null,"provider":"microsoft","resource":"ml_buildings","version":"2025-02-25"}],"is_underground":false,"has_parts":false,"version":3}},
{"id":"bbf11288-b559-4926-93a3-044d9a3d40f5","type":"Feature","geometry":{"type":"Polygon","coordinates":[[[26.1284189,44.427435],[26.1282244,44.4273959],[26.1282474,44.4273375],[26.1284419,44.4273766],[26.1284189,44.427435]]]},"properties":{"sources":[{"property":"","dataset":"OpenStreetMap","license":"ODbL-1.0","record_id":"w497935741@6","update_time":"2021-06-09T08:51:12.000Z","confidence":null,"between":null,"provider":"osm","resource":"planet","version":"2026-08-02T00:00:00.000Z"}],"is_underground":false,"num_floors":2,"subtype":"residential","class":"house","roof_shape":"hipped","has_parts":false,"version":1}},
{"id":"25026c2e-0efd-43c8-b59f-f6cae9d43bba","type":"Feature","geometry":{"type":"Polygon","coordinates":[[[26.1283792,44.4275791],[26.1283543,44.4276449],[26.128215,44.427618],[26.1282346,44.4275661],[26.1281827,44.4275561],[26.1282202,44.4274572],[26.1283172,44.4274759],[26.1283015,44.4275175],[26.1283304,44.4275231],[26.1283139,44.4275665],[26.1283792,44.4275791]]]},"properties":{"sources":[{"property":"","dataset":"OpenStreetMap","license":"ODbL-1.0","record_id":"w497935750@5","update_time":"2026-07-23T08:12:28.000Z","confidence":null,"between":null,"provider":"osm","resource":"planet","version":"2026-08-02T00:00:00.000Z"}],"is_underground":false,"num_floors":2,"subtype":"residential","class":"apartments","roof_shape":"gambrel","has_parts":false,"version":1}},
{"id":"fe1158a9-5488-4342-9bee-c893cdcb6e38","type":"Feature","geometry":{"type":"Polygon","coordinates":[[[26.1281751,44.4275179],[26.1278945,44.4274763],[26.1279086,44.4274278],[26.1281893,44.4274694],[26.1281751,44.4275179]]]},"properties":{"sources":[{"property":"","dataset":"OpenStreetMap","license":"ODbL-1.0","record_id":"w497935732@1","update_time":"2017-06-03T19:56:36.000Z","confidence":null,"between":null,"provider":"osm","resource":"planet","version":"2026-08-02T00:00:00.000Z"}],"is_underground":false,"has_parts":false,"version":1}},
{"id":"2e0d43d6-ead1-4b96-87ca-9d17cf80f2d0","type":"Feature","geometry":{"type":"Polygon","coordinates":[[[26.1280322,44.4272402],[26.1280369,44.4272071],[26.1281033,44.427212],[26.1280886,44.4273151],[26.1279479,44.4273049],[26.1279579,44.4272348],[26.1280322,44.4272402]]]},"properties":{"sources":[{"property":"","dataset":"Microsoft ML Buildings","license":"ODbL-1.0","record_id":null,"update_time":"2019-07-27T00:00:00.000Z","confidence":null,"between":null,"provider":"microsoft","resource":"ml_buildings","version":"2025-02-25"}],"is_underground":false,"has_parts":false,"version":3}},
{"id":"9d063e43-47f3-4094-987e-490bd315f0f3","type":"Feature","geometry":{"type":"Polygon","coordinates":[[[26.1280776,44.4271344],[26.128062,44.4271993],[26.1279893,44.4271938],[26.127991,44.4271833],[26.12794,44.4271789],[26.1279703,44.4270312],[26.12803,44.4269558],[26.1280771,44.4269769],[26.1280914,44.4269614],[26.1280449,44.4269395],[26.1281009,44.4268718],[26.1282299,44.4269416],[26.1281018,44.4270998],[26.128094,44.4271363],[26.1280776,44.4271344]]]},"properties":{"sources":[{"property":"","dataset":"OpenStreetMap","license":"ODbL-1.0","record_id":"w1393128021@1","update_time":"2025-06-07T21:07:26.000Z","confidence":null,"between":null,"provider":"osm","resource":"planet","version":"2026-08-02T00:00:00.000Z"}],"is_underground":false,"has_parts":false,"version":1}},
{"id":"27fbbe92-be36-43a6-9db6-11036c23fdd4","type":"Feature","geometry":{"type":"Polygon","coordinates":[[[26.1277844,44.4270757],[26.1276641,44.4270519],[26.1277107,44.4269316],[26.127831,44.4269554],[26.1277844,44.4270757]]]},"properties":{"sources":[{"property":"","dataset":"OpenStreetMap","license":"ODbL-1.0","record_id":"w863531392@1","update_time":"2020-10-25T14:00:13.000Z","confidence":null,"between":null,"provider":"osm","resource":"planet","version":"2026-08-02T00:00:00.000Z"}],"is_underground":false,"has_parts":false,"version":1}},
{"id":"19eb7b40-9b56-49fc-9f61-7923d7019015","type":"Feature","geometry":{"type":"Polygon","coordinates":[[[26.1281453,44.427614],[26.1277916,44.4275614],[26.1278146,44.4274827],[26.1281683,44.4275353],[26.1281453,44.427614]]]},"properties":{"sources":[{"property":"","dataset":"OpenStreetMap","license":"ODbL-1.0","record_id":"w497935755@1","update_time":"2025-06-07T21:07:26.000Z","confidence":null,"between":null,"provider":"osm","resource":"planet","version":"2026-08-02T00:00:00.000Z"}],"is_underground":false,"has_parts":false,"version":1}},
{"id":"ba5f4aa7-91df-41a7-8081-444d28365927","type":"Feature","geometry":{"type":"Polygon","coordinates":[[[26.1276756,44.4275899],[26.1274557,44.4275133],[26.1274679,44.4274549],[26.127689,44.4275324],[26.1276756,44.4275899]]]},"properties":{"sources":[{"property":"","dataset":"OpenStreetMap","license":"ODbL-1.0","record_id":"w497935743@1","update_time":"2026-03-01T20:17:43.000Z","confidence":null,"between":null,"provider":"osm","resource":"planet","version":"2026-08-02T00:00:00.000Z"}],"is_underground":false,"has_parts":false,"version":2}},
{"id":"837a6693-eb18-4fad-8ea5-b0a8e2a330fe","type":"Feature","geometry":{"type":"Polygon","coordinates":[[[26.1275624,44.4274333],[26.1274861,44.4274075],[26.1275575,44.4272261],[26.1277352,44.4272925],[26.1276994,44.4273321],[26.1277261,44.4273448],[26.1276619,44.4274124],[26.1275999,44.4273868],[26.1275624,44.4274333]]]},"properties":{"sources":[{"property":"","dataset":"OpenStreetMap","license":"ODbL-1.0","record_id":"w224713607@1","update_time":"2026-03-01T20:17:43.000Z","confidence":null,"between":null,"provider":"osm","resource":"planet","version":"2026-08-02T00:00:00.000Z"}],"is_underground":false,"has_parts":false,"version":2}},
{"id":"d470c479-3f4a-4eed-96cb-3b3f7f451f69","type":"Feature","geometry":{"type":"Polygon","coordinates":[[[26.1274471,44.4274848],[26.1273119,44.4274678],[26.127383,44.42718],[26.1275182,44.427197],[26.1274471,44.4274848]]]},"properties":{"sources":[{"property":"","dataset":"OpenStreetMap","license":"ODbL-1.0","record_id":"w1484381835@1","update_time":"2026-03-01T20:17:43.000Z","confidence":null,"between":null,"provider":"osm","resource":"planet","version":"2026-08-02T00:00:00.000Z"}],"is_underground":false,"has_parts":false,"version":1}},
{"id":"87db9c7a-7ebc-4baa-ad0d-f2994661380e","type":"Feature","geometry":{"type":"Polygon","coordinates":[[[26.1272869,44.4271334],[26.1270572,44.4271005],[26.1271038,44.4269341],[26.1273081,44.4269633],[26.1273141,44.4269422],[26.1275452,44.4269752],[26.1274973,44.427146],[26.1272917,44.4271166],[26.1272869,44.4271334]]]},"properties":{"sources":[{"property":"","dataset":"OpenStreetMap","license":"ODbL-1.0","record_id":"w162445521@7","update_time":"2022-05-02T08:36:06.000Z","confidence":null,"between":null,"provider":"osm","resource":"planet","version":"2026-08-02T00:00:00.000Z"}],"is_underground":false,"num_floors":11,"subtype":"residential","class":"apartments","roof_shape":"flat","has_parts":false,"version":1}},
{"id":"7256b847-8f99-45ef-9bd3-a53cb792dba9","type":"Feature","geometry":{"type":"Polygon","coordinates":[[[26.1277418,44.4272078],[26.1275775,44.4271672],[26.127612,44.4270958],[26.1277764,44.4271364],[26.1277418,44.4272078]]]},"properties":{"sources":[{"property":"","dataset":"OpenStreetMap","license":"ODbL-1.0","record_id":"w863531391@1","update_time":"2020-10-25T14:00:13.000Z","confidence":null,"between":null,"provider":"osm","resource":"planet","version":"2026-08-02T00:00:00.000Z"}],"is_underground":false,"has_parts":false,"version":1}},
{"id":"8ed77a31-86a2-4629-97dd-64b2d3cc5d40","type":"Feature","geometry":{"type":"Polygon","coordinates":[[[26.1275659,44.4266692],[26.1275984,44.4266755],[26.1275787,44.4267273],[26.1275462,44.426721],[26.1275659,44.4266692]]]},"properties":{"sources":[{"property":"","dataset":"Microsoft ML Buildings","license":"ODbL-1.0","record_id":null,"update_time":"2019-07-27T00:00:00.000Z","confidence":null,"between":null,"provider":"microsoft","resource":"ml_buildings","version":"2025-02-25"}],"is_underground":false,"has_parts":false,"version":3}},
{"id":"3861b094-c307-4abe-bcc5-e46b3f8fa8b5","type":"Feature","geometry":{"type":"Polygon","coordinates":[[[26.1275519,44.4267876],[26.1275159,44.4267787],[26.1275357,44.4267376],[26.1275717,44.4267465],[26.1275519,44.4267876]]]},"properties":{"sources":[{"property":"","dataset":"Microsoft ML Buildings","license":"ODbL-1.0","record_id":null,"update_time":"2019-07-27T00:00:00.000Z","confidence":null,"between":null,"provider":"microsoft","resource":"ml_buildings","version":"2025-02-25"}],"is_underground":false,"has_parts":false,"version":3}},
{"id":"e8bd8433-d35c-45a5-9a2d-d5dc3dae7886","type":"Feature","geometry":{"type":"Polygon","coordinates":[[[26.1275317,44.4266701],[26.1275009,44.4267257],[26.1274698,44.4267169],[26.1275007,44.4266613],[26.1275317,44.4266701]]]},"properties":{"sources":[{"property":"","dataset":"Microsoft ML Buildings","license":"ODbL-1.0","record_id":null,"update_time":"2019-07-27T00:00:00.000Z","confidence":null,"between":null,"provider":"microsoft","resource":"ml_buildings","version":"2025-02-25"}],"is_underground":false,"has_parts":false,"version":3}},
{"id":"a32cd99d-ed2c-404d-b004-012928161b5d","type":"Feature","geometry":{"type":"Polygon","coordinates":[[[26.1274976,44.4268851],[26.1270969,44.4268309],[26.1271133,44.4267487],[26.1274319,44.4267985],[26.1274397,44.4267817],[26.1276385,44.4268365],[26.1275876,44.4269651],[26.1274773,44.42695],[26.1274976,44.4268851]]]},"properties":{"sources":[{"property":"","dataset":"OpenStreetMap","license":"ODbL-1.0","record_id":"w1484381836@1","update_time":"2026-03-01T20:17:43.000Z","confidence":null,"between":null,"provider":"osm","resource":"planet","version":"2026-08-02T00:00:00.000Z"}],"is_underground":false,"has_parts":false,"version":1}},
{"id":"b6a9cc3f-eedb-4c44-b434-304084696dd7","type":"Feature","geometry":{"type":"Polygon","coordinates":[[[26.1274319,44.4267985],[26.1271133,44.4267487],[26.1271219,44.4267023],[26.1274491,44.4267549],[26.1274397,44.4267817],[26.1274319,44.4267985]]]},"properties":{"sources":[{"property":"","dataset":"OpenStreetMap","license":"ODbL-1.0","record_id":"w1484381837@1","update_time":"2026-03-01T20:17:43.000Z","confidence":null,"between":null,"provider":"osm","resource":"planet","version":"2026-08-02T00:00:00.000Z"}],"is_underground":false,"has_parts":false,"version":1}},
{"id":"88644d2b-21b6-4383-a6cd-4d9b9a7a7aa8","type":"Feature","geometry":{"type":"Polygon","coordinates":[[[26.1273232,44.4265721],[26.1271879,44.4265584],[26.1272195,44.426365],[26.127377,44.4263772],[26.127487,44.4264382],[26.1274377,44.4265208],[26.1273339,44.4265065],[26.1273232,44.4265721]]]},"properties":{"sources":[{"property":"","dataset":"OpenStreetMap","license":"ODbL-1.0","record_id":"w162445505@5","update_time":"2026-07-23T08:27:20.000Z","confidence":null,"between":null,"provider":"osm","resource":"planet","version":"2026-08-02T00:00:00.000Z"}],"is_underground":false,"num_floors":3,"subtype":"residential","class":"apartments","roof_shape":"gambrel","has_parts":false,"version":1}},
{"id":"cdafdad9-afd3-4037-9137-72c0b19b7d27","type":"Feature","geometry":{"type":"Polygon","coordinates":[[[26.1274885,44.426627],[26.1274059,44.4266049],[26.1274925,44.4264477],[26.12753,44.4264769],[26.1275647,44.4265039],[26.1275457,44.4265521],[26.1275131,44.4265703],[26.1275099,44.4265975],[26.1274885,44.426627]]]},"properties":{"sources":[{"property":"","dataset":"OpenStreetMap","license":"ODbL-1.0","record_id":"w224713600@6","update_time":"2026-07-23T08:27:20.000Z","confidence":null,"between":null,"provider":"osm","resource":"planet","version":"2026-08-02T00:00:00.000Z"}],"is_underground":false,"num_floors":2,"subtype":"residential","class":"apartments","roof_shape":"saltbox","has_parts":false,"version":1}},
{"id":"d04176ab-ec56-4c0f-afec-f8199b3d9b40","type":"Feature","geometry":{"type":"Polygon","coordinates":[[[26.1277735,44.4266911],[26.1276397,44.4266569],[26.1277014,44.4265401],[26.1278623,44.4266167],[26.1278892,44.4266416],[26.1278972,44.4266838],[26.1278543,44.4268523],[26.1277309,44.4268255],[26.1277735,44.4266911]]]},"properties":{"sources":[{"property":"","dataset":"OpenStreetMap","license":"ODbL-1.0","record_id":"w497848634@5","update_time":"2026-07-23T08:27:20.000Z","confidence":null,"between":null,"provider":"osm","resource":"planet","version":"2026-08-02T00:00:00.000Z"}],"is_underground":false,"num_floors":3,"subtype":"residential","class":"apartments","roof_shape":"hipped","has_parts":false,"version":1}},
{"id":"3c8ae259-d6f6-415c-8475-640f85d237da","type":"Feature","geometry":{"type":"Polygon","coordinates":[[[26.1276909,44.4269684],[26.1276119,44.4269539],[26.1276534,44.4268292],[26.1278428,44.4268739],[26.1278271,44.4269187],[26.1277215,44.4269013],[26.1276909,44.4269684]]]},"properties":{"sources":[{"property":"","dataset":"OpenStreetMap","license":"ODbL-1.0","record_id":"w1484381838@1","update_time":"2026-03-01T20:17:43.000Z","confidence":null,"between":null,"provider":"osm","resource":"planet","version":"2026-08-02T00:00:00.000Z"}],"is_underground":false,"has_parts":false,"version":1}},
{"id":"8b5c9133-b5e0-40db-a867-6aa5057dab32","type":"Feature","geometry":{"type":"Polygon","coordinates":[[[26.1274938,44.4252418],[26.1275063,44.42521],[26.1274591,44.4252084],[26.1274582,44.4251132],[26.1277902,44.4251082],[26.1278717,44.4251147],[26.1279476,44.4251737],[26.1279534,44.4251969],[26.1279489,44.4252191],[26.1279304,44.4252394],[26.1279029,44.4252534],[26.1278698,44.4252588],[26.1278342,44.4252561],[26.1278067,44.4252444],[26.1275664,44.4252534],[26.1275315,44.4252623],[26.1274938,44.4252418]]]},"properties":{"names":{"primary":"Bl. J1","common":null,"rules":null},"sources":[{"property":"","dataset":"OpenStreetMap","license":"ODbL-1.0","record_id":"w84681543@12","update_time":"2022-10-17T08:22:42.000Z","confidence":null,"between":null,"provider":"osm","resource":"planet","version":"2026-08-02T00:00:00.000Z"}],"is_underground":false,"num_floors":11,"subtype":"residential","class":"apartments","roof_shape":"flat","has_parts":false,"version":1}},
{"id":"44d798e5-336d-4bdf-ac01-f436c0d08b8f","type":"Feature","geometry":{"type":"Polygon","coordinates":[[[26.1305748,44.4252586],[26.1306084,44.4253441],[26.1303739,44.4253803],[26.1303416,44.4253057],[26.1302624,44.4251667],[26.1301982,44.4250768],[26.1303901,44.4250083],[26.1304511,44.4250592],[26.1305748,44.4252586]]]},"properties":{"names":{"primary":"Bl. i 4","common":null,"rules":null},"sources":[{"property":"","dataset":"OpenStreetMap","license":"ODbL-1.0","record_id":"w203731261@13","update_time":"2025-10-31T12:23:11.000Z","confidence":null,"between":null,"provider":"osm","resource":"planet","version":"2026-08-02T00:00:00.000Z"}],"is_underground":false,"num_floors":14,"subtype":"residential","class":"apartments","roof_shape":"flat","has_parts":false,"version":2}},
{"id":"06248122-72e6-4ad3-a525-8da508abe596","type":"Feature","geometry":{"type":"Polygon","coordinates":[[[26.130497,44.4258637],[26.1304579,44.4259322],[26.130274,44.4258719],[26.1303369,44.4257638],[26.1303754,44.4256543],[26.1303957,44.4255193],[26.1303739,44.4253803],[26.1306084,44.4253441],[26.1306349,44.4255131],[26.1305346,44.4255151],[26.1305338,44.425597],[26.1305204,44.4256621],[26.1306133,44.4256725],[26.1305878,44.4257521],[26.1305648,44.4258175],[26.1305397,44.4258756],[26.130497,44.4258637]]]},"properties":{"names":{"primary":"Bl. i 3","common":null,"rules":null},"sources":[{"property":"","dataset":"OpenStreetMap","license":"ODbL-1.0","record_id":"w203731260@9","update_time":"2026-03-01T20:17:43.000Z","confidence":null,"between":null,"provider":"osm","resource":"planet","version":"2026-08-02T00:00:00.000Z"}],"is_underground":false,"num_floors":14,"subtype":"residential","class":"apartments","roof_shape":"flat","has_parts":false,"version":2}},
{"id":"f50d14e4-d888-4003-a487-0b2c1804e78c","type":"Feature","geometry":{"type":"Polygon","coordinates":[[[26.1303482,44.4261154],[26.1303129,44.4261589],[26.1301385,44.426074],[26.130274,44.4258719],[26.1304579,44.4259322],[26.130419,44.4259944],[26.130383,44.4259805],[26.130308,44.4260926],[26.1303482,44.4261154]]]},"properties":{"names":{"primary":"Bl. i 2","common":null,"rules":null},"sources":[{"property":"","dataset":"OpenStreetMap","license":"ODbL-1.0","record_id":"w203731258@10","update_time":"2026-03-01T20:17:43.000Z","confidence":null,"between":null,"provider":"osm","resource":"planet","version":"2026-08-02T00:00:00.000Z"}],"is_underground":false,"num_floors":14,"subtype":"residential","class":"apartments","roof_shape":"flat","has_parts":false,"version":2}},
{"id":"de0eb608-3763-4013-8618-1f05da722453","type":"Feature","geometry":{"type":"Polygon","coordinates":[[[26.1294492,44.4273241],[26.1293866,44.4272788],[26.1294781,44.4272022],[26.1295548,44.4272464],[26.1294492,44.4273241]]]},"properties":{"sources":[{"property":"","dataset":"OpenStreetMap","license":"ODbL-1.0","record_id":"w1472194000@1","update_time":"2026-01-29T08:11:50.000Z","confidence":null,"between":null,"provider":"osm","resource":"planet","version":"2026-08-02T00:00:00.000Z"}],"is_underground":false,"has_parts":false,"version":1}},
{"id":"34897b0a-0b3f-4e34-a385-75c024f37941","type":"Feature","geometry":{"type":"Polygon","coordinates":[[[26.1297189,44.4274633],[26.1296376,44.4275307],[26.129437,44.4274073],[26.1295622,44.4273035],[26.1296847,44.4273788],[26.1296408,44.4274152],[26.1297189,44.4274633]]]},"properties":{"sources":[{"property":"","dataset":"OpenStreetMap","license":"ODbL-1.0","record_id":"w497936088@7","update_time":"2022-05-02T08:36:06.000Z","confidence":null,"between":null,"provider":"osm","resource":"planet","version":"2026-08-02T00:00:00.000Z"}],"is_underground":false,"num_floors":2,"subtype":"residential","class":"apartments","roof_shape":"gabled","has_parts":false,"version":1}},
{"id":"25bf83bb-8b8d-4aca-a6cc-d4c815ad9ca2","type":"Feature","geometry":{"type":"Polygon","coordinates":[[[26.1294304,44.4269026],[26.1293007,44.4268283],[26.1294371,44.4266981],[26.1294586,44.426713],[26.1294807,44.4266967],[26.1295028,44.4267111],[26.1295309,44.4267005],[26.1296435,44.4267651],[26.1296,44.4267984],[26.1297735,44.4269026],[26.1298646,44.426961],[26.1298485,44.426983],[26.1302036,44.4271973],[26.1302653,44.4271945],[26.1306686,44.427449],[26.130679399999998,44.4274691],[26.1306753,44.4274854],[26.1305775,44.4275811],[26.1304435,44.4275237],[26.1304931,44.4274796],[26.1302385,44.4273332],[26.130217,44.4273466],[26.1297065,44.427048],[26.1297319,44.4270212],[26.1295256,44.4269131],[26.1295309,44.4268978],[26.1294867,44.4268729],[26.1294572,44.4268777],[26.1294304,44.4269026]]]},"properties":{"names":{"primary":"Bl. H2","common":null,"rules":null},"sources":[{"property":"","dataset":"OpenStreetMap","license":"ODbL-1.0","record_id":"w161116598@7","update_time":"2026-07-23T08:12:28.000Z","confidence":null,"between":null,"provider":"osm","resource":"planet","version":"2026-08-02T00:00:00.000Z"}],"is_underground":false,"num_floors":9,"subtype":"residential","class":"apartments","roof_shape":"flat","has_parts":false,"version":1}},
{"id":"3046d28d-b63f-44dc-9c13-793e750d3bc7","type":"Feature","geometry":{"type":"Polygon","coordinates":[[[26.1302582,44.4264789],[26.1301407,44.426581],[26.1299067,44.4264285],[26.1298571,44.4264241],[26.1297968,44.4264057],[26.1297606,44.426377],[26.1297484,44.4263417],[26.1297633,44.4262976],[26.1298009,44.4262661],[26.1298591,44.4262476],[26.1299057,44.4262474],[26.1300565,44.426145],[26.1301385,44.426074],[26.1303129,44.4261589],[26.1302182,44.4262426],[26.1301305,44.4263121],[26.1300699,44.4263573],[26.1302582,44.4264789]]]},"properties":{"names":{"primary":"Bl. i 1","common":null,"rules":null},"sources":[{"property":"","dataset":"OpenStreetMap","license":"ODbL-1.0","record_id":"w50071555@13","update_time":"2026-07-23T08:12:28.000Z","confidence":null,"between":null,"provider":"osm","resource":"planet","version":"2026-08-02T00:00:00.000Z"}],"is_underground":false,"num_floors":14,"subtype":"residential","class":"apartments","roof_shape":"flat","has_parts":false,"version":1}},
{"id":"cb0cea83-aacc-4231-8712-54ce5d8cb393","type":"Feature","geometry":{"type":"Polygon","coordinates":[[[26.1304429,44.4264494],[26.1303905,44.4264139],[26.1304646,44.4263645],[26.1304974,44.4263893],[26.1306394,44.4264962],[26.1305835,44.4265322],[26.1305675,44.4265402],[26.1304939,44.4264854],[26.1304429,44.4264494]]]},"properties":{"sources":[{"property":"","dataset":"OpenStreetMap","license":"ODbL-1.0","record_id":"w224713610@1","update_time":"2019-02-08T18:31:47.000Z","confidence":null,"between":null,"provider":"osm","resource":"planet","version":"2026-08-02T00:00:00.000Z"}],"is_underground":false,"has_parts":false,"version":1}},
{"id":"14aad738-74b6-466e-a57b-6f9ca55a2baa","type":"Feature","geometry":{"type":"Polygon","coordinates":[[[26.1307424,44.4264355],[26.1306394,44.4264962],[26.1304974,44.4263893],[26.1306035,44.4263247],[26.1307424,44.4264355]]]},"properties":{"sources":[{"property":"","dataset":"OpenStreetMap","license":"ODbL-1.0","record_id":"w224713579@1","update_time":"2019-02-08T18:31:47.000Z","confidence":null,"between":null,"provider":"osm","resource":"planet","version":"2026-08-02T00:00:00.000Z"}],"is_underground":false,"has_parts":false,"version":1}},
{"id":"58b383c0-f9f3-46de-9260-c4f32e9014b5","type":"Feature","geometry":{"type":"Polygon","coordinates":[[[26.1307989,44.4263962],[26.1307424,44.4264355],[26.1306035,44.4263247],[26.1306718,44.4262918],[26.1307989,44.4263962]]]},"properties":{"sources":[{"property":"","dataset":"OpenStreetMap","license":"ODbL-1.0","record_id":"w224713570@1","update_time":"2013-06-07T08:06:59.000Z","confidence":null,"between":null,"provider":"osm","resource":"planet","version":"2026-08-02T00:00:00.000Z"}],"is_underground":false,"has_parts":false,"version":1}},
{"id":"67b13852-aaae-4f30-9f8e-7a4e462f110a","type":"Feature","geometry":{"type":"Polygon","coordinates":[[[26.1312335,44.4263818],[26.1311613,44.4264303],[26.1309986,44.4263068],[26.1310801,44.426252],[26.1311219,44.4262837],[26.1310899,44.4263052],[26.1311424,44.426345],[26.131165,44.4263298],[26.1312335,44.4263818]]]},"properties":{"sources":[{"property":"","dataset":"OpenStreetMap","license":"ODbL-1.0","record_id":"w1484381826@1","update_time":"2026-03-01T20:17:43.000Z","confidence":null,"between":null,"provider":"osm","resource":"planet","version":"2026-08-02T00:00:00.000Z"}],"is_underground":false,"has_parts":false,"version":1}},
{"id":"0aba901e-f33f-465d-876b-fd6f22727697","type":"Feature","geometry":{"type":"Polygon","coordinates":[[[26.1310657,44.4264956],[26.1309789,44.4265546],[26.1308797,44.4264802],[26.1309253,44.4264492],[26.1309053,44.4264343],[26.1309465,44.4264062],[26.1310657,44.4264956]]]},"properties":{"sources":[{"property":"","dataset":"OpenStreetMap","license":"ODbL-1.0","record_id":"w536476158@1","update_time":"2019-02-08T18:31:52.000Z","confidence":null,"between":null,"provider":"osm","resource":"planet","version":"2026-08-02T00:00:00.000Z"}],"is_underground":false,"has_parts":false,"version":1}},
{"id":"09acd2fd-500b-4314-ae34-4462fa20aa00","type":"Feature","geometry":{"type":"Polygon","coordinates":[[[26.1308842,44.4266202],[26.1307201,44.4264986],[26.1307884,44.4264516],[26.1309525,44.4265732],[26.1308842,44.4266202]]]},"properties":{"sources":[{"property":"","dataset":"OpenStreetMap","license":"ODbL-1.0","record_id":"w536476152@1","update_time":"2019-02-08T18:31:52.000Z","confidence":null,"between":null,"provider":"osm","resource":"planet","version":"2026-08-02T00:00:00.000Z"}],"is_underground":false,"has_parts":false,"version":1}},
{"id":"72aa4f4c-ff6c-4bf6-9e8c-9802766d4647","type":"Feature","geometry":{"type":"Polygon","coordinates":[[[26.1310803,44.4271565],[26.130314,44.4266954],[26.130462,44.4265698],[26.1305812,44.4266415],[26.1305344,44.4266785],[26.1310837,44.4270028],[26.1311276,44.4269701],[26.1312285,44.4270308],[26.1310803,44.4271565]]]},"properties":{"names":{"primary":"Bl. H3","common":null,"rules":null},"sources":[{"property":"","dataset":"OpenStreetMap","license":"ODbL-1.0","record_id":"w84209929@7","update_time":"2026-07-23T08:12:28.000Z","confidence":null,"between":null,"provider":"osm","resource":"planet","version":"2026-08-02T00:00:00.000Z"}],"is_underground":false,"num_floors":9,"subtype":"residential","class":"apartments","roof_shape":"flat","has_parts":false,"version":2}},
{"id":"45b7ec8d-2885-41db-b290-49324a747763","type":"Feature","geometry":{"type":"Polygon","coordinates":[[[26.131791,44.4273964],[26.1318442,44.427422],[26.13172,44.4275234],[26.1316395,44.4274758],[26.1316235,44.4274844],[26.1313166,44.4272977],[26.1312862,44.427255100000004],[26.1312899,44.4272158],[26.1313601,44.4271522],[26.1313904,44.427159],[26.1314491,44.4271184],[26.1315647,44.4272009],[26.1314827,44.4272672],[26.1316114,44.4273332],[26.1316972,44.427295],[26.1318231,44.4273715],[26.131791,44.4273964]]]},"properties":{"names":{"primary":"Bl. S11","common":null,"rules":null},"sources":[{"property":"","dataset":"OpenStreetMap","license":"ODbL-1.0","record_id":"w161118123@8","update_time":"2026-07-23T08:12:28.000Z","confidence":null,"between":null,"provider":"osm","resource":"planet","version":"2026-08-02T00:00:00.000Z"}],"is_underground":false,"num_floors":8,"subtype":"residential","class":"apartments","roof_shape":"flat","has_parts":false,"version":1}},
{"id":"aeba90df-2196-42f8-bea4-e4122333c6c5","type":"Feature","geometry":{"type":"Polygon","coordinates":[[[26.1317081,44.426648],[26.1315809,44.4267305],[26.1315127,44.4266768],[26.1316399,44.4265943],[26.1317081,44.426648]]]},"properties":{"sources":[{"property":"","dataset":"OpenStreetMap","license":"ODbL-1.0","record_id":"w537610113@3","update_time":"2026-07-23T08:12:28.000Z","confidence":null,"between":null,"provider":"osm","resource":"planet","version":"2026-08-02T00:00:00.000Z"}],"is_underground":false,"subtype":"residential","class":"apartments","has_parts":false,"version":1}},
{"id":"9cb1027d-bb11-413e-8bf1-13c9738fa9b8","type":"Feature","geometry":{"type":"Polygon","coordinates":[[[26.1315218,44.4267638],[26.1314107,44.4268429],[26.1312948,44.42676],[26.1313216,44.4267409],[26.1312922,44.4267198],[26.1313516,44.4266775],[26.1313831,44.4267001],[26.131408,44.4266824],[26.1315218,44.4267638]]]},"properties":{"sources":[{"property":"","dataset":"OpenStreetMap","license":"ODbL-1.0","record_id":"w536476149@3","update_time":"2026-07-23T08:12:28.000Z","confidence":null,"between":null,"provider":"osm","resource":"planet","version":"2026-08-02T00:00:00.000Z"}],"is_underground":false,"subtype":"residential","class":"apartments","has_parts":false,"version":1}},
{"id":"e445386d-134d-4135-9c82-7c1bab72222c","type":"Feature","geometry":{"type":"Polygon","coordinates":[[[26.1312296,44.4267801],[26.1311479,44.4268425],[26.1310456,44.4267742],[26.1310831,44.4267456],[26.1310429,44.4267188],[26.1311154,44.4266635],[26.1312205,44.4267336],[26.1311923,44.4267551],[26.1312296,44.4267801]]]},"properties":{"sources":[{"property":"","dataset":"OpenStreetMap","license":"ODbL-1.0","record_id":"w536476155@1","update_time":"2019-02-08T19:30:19.000Z","confidence":null,"between":null,"provider":"osm","resource":"planet","version":"2026-08-02T00:00:00.000Z"}],"is_underground":false,"has_parts":false,"version":1}},
{"id":"51e0609d-09b8-444a-aca7-25657f691e2a","type":"Feature","geometry":{"type":"Polygon","coordinates":[[[26.131335,44.4266715],[26.1312839,44.4267086],[26.1311903,44.4266428],[26.1312776,44.4265794],[26.1313344,44.4266193],[26.1313219,44.4266284],[26.1313433,44.4266434],[26.1313195,44.4266606],[26.131335,44.4266715]]]},"properties":{"sources":[{"property":"","dataset":"OpenStreetMap","license":"ODbL-1.0","record_id":"w1484381827@1","update_time":"2026-03-01T20:17:43.000Z","confidence":null,"between":null,"provider":"osm","resource":"planet","version":"2026-08-02T00:00:00.000Z"}],"is_underground":false,"has_parts":false,"version":1}},
{"id":"a11af303-f1d3-45fc-95cb-e497523e65c5","type":"Feature","geometry":{"type":"Polygon","coordinates":[[[26.1314158,44.4265834],[26.1313564,44.4266261],[26.1312829,44.426574],[26.131393,44.4264947],[26.1315,44.4265706],[26.1314493,44.4266071],[26.1314158,44.4265834]]]},"properties":{"sources":[{"property":"","dataset":"OpenStreetMap","license":"ODbL-1.0","record_id":"w1484381828@1","update_time":"2026-03-01T20:17:43.000Z","confidence":null,"between":null,"provider":"osm","resource":"planet","version":"2026-08-02T00:00:00.000Z"}],"is_underground":false,"has_parts":false,"version":1}},
{"id":"635964a4-4cba-4f93-9df1-1e400b92551d","type":"Feature","geometry":{"type":"Polygon","coordinates":[[[26.1316768,44.4264075],[26.1315662,44.4264865],[26.1314931,44.4264343],[26.1316037,44.4263553],[26.1316768,44.4264075]]]},"properties":{"sources":[{"property":"","dataset":"OpenStreetMap","license":"ODbL-1.0","record_id":"w536476148@1","update_time":"2017-10-28T20:12:34.000Z","confidence":null,"between":null,"provider":"osm","resource":"planet","version":"2026-08-02T00:00:00.000Z"}],"is_underground":false,"has_parts":false,"version":1}},
{"id":"b1dbe5f3-20e8-40ea-80ba-3d4f3ee362c3","type":"Feature","geometry":{"type":"Polygon","coordinates":[[[26.1315644,44.4261303],[26.1314571,44.4262069],[26.1313525,44.4261207],[26.1314759,44.426046],[26.1315027,44.426069],[26.1316046,44.4260058],[26.1317012,44.4260671],[26.1315831,44.4261399],[26.1315644,44.4261303]]]},"properties":{"sources":[{"property":"","dataset":"OpenStreetMap","license":"ODbL-1.0","record_id":"w381560346@1","update_time":"2015-11-20T19:39:04.000Z","confidence":null,"between":null,"provider":"osm","resource":"planet","version":"2026-08-02T00:00:00.000Z"}],"is_underground":false,"has_parts":false,"version":1}},
{"id":"8f9a5de6-9ab7-4827-8380-29d5347262ce","type":"Feature","geometry":{"type":"Polygon","coordinates":[[[26.1317143,44.4258175],[26.1315659,44.4259061],[26.1314439,44.4258019],[26.1315922,44.4257133],[26.1317143,44.4258175]]]},"properties":{"sources":[{"property":"","dataset":"OpenStreetMap","license":"ODbL-1.0","record_id":"w340071218@1","update_time":"2019-10-31T18:57:23.000Z","confidence":null,"between":null,"provider":"osm","resource":"planet","version":"2026-08-02T00:00:00.000Z"}],"is_underground":false,"has_parts":false,"version":1}},
{"id":"5d7c5e94-e2a4-4cf6-af3d-6e8ee9ace430","type":"Feature","geometry":{"type":"Polygon","coordinates":[[[26.1315448,44.4259315],[26.1313844,44.42603],[26.1312355,44.4259187],[26.1314053,44.4258124],[26.1315448,44.4259315]]]},"properties":{"sources":[{"property":"","dataset":"OpenStreetMap","license":"ODbL-1.0","record_id":"w340071213@1","update_time":"2019-02-08T18:31:49.000Z","confidence":null,"between":null,"provider":"osm","resource":"planet","version":"2026-08-02T00:00:00.000Z"}],"is_underground":false,"has_parts":false,"version":1}},
{"id":"1d2a18f6-ea65-4377-bba3-b01c269222be","type":"Feature","geometry":{"type":"Polygon","coordinates":[[[26.1312974,44.4259975],[26.1311443,44.4260959],[26.1310662,44.4260338],[26.1312193,44.4259355],[26.1312974,44.4259975]]]},"properties":{"sources":[{"property":"","dataset":"OpenStreetMap","license":"ODbL-1.0","record_id":"w340071219@1","update_time":"2026-03-01T20:17:43.000Z","confidence":null,"between":null,"provider":"osm","resource":"planet","version":"2026-08-02T00:00:00.000Z"}],"is_underground":false,"has_parts":false,"version":2}},
{"id":"51d37802-fd70-46d9-a37c-2f9375d27d5c","type":"Feature","geometry":{"type":"Polygon","coordinates":[[[26.1311835,44.4261893],[26.131276,44.4261212],[26.1314418,44.4262361],[26.1313493,44.4263042],[26.1311835,44.4261893]]]},"properties":{"sources":[{"property":"","dataset":"Microsoft ML Buildings","license":"ODbL-1.0","record_id":null,"update_time":"2019-07-27T00:00:00.000Z","confidence":null,"between":null,"provider":"microsoft","resource":"ml_buildings","version":"2025-02-25"}],"is_underground":false,"has_parts":false,"version":1}},
{"id":"30c20da0-b0b0-4894-96f4-6d0e9e2562cd","type":"Feature","geometry":{"type":"Polygon","coordinates":[[[26.1311122,44.4262688],[26.1310748,44.4262387],[26.1311154,44.426213],[26.1310927,44.4261947],[26.1311458,44.426161],[26.1312777,44.426267],[26.1312304,44.426297],[26.1311586,44.4262393],[26.1311122,44.4262688]]]},"properties":{"sources":[{"property":"","dataset":"OpenStreetMap","license":"ODbL-1.0","record_id":"w1484381829@1","update_time":"2026-03-01T20:17:43.000Z","confidence":null,"between":null,"provider":"osm","resource":"planet","version":"2026-08-02T00:00:00.000Z"}],"is_underground":false,"has_parts":false,"version":1}},
{"id":"94fcdec3-ae86-4312-b75e-8da76a0418b1","type":"Feature","geometry":{"type":"Polygon","coordinates":[[[26.1310737,44.4262468],[26.1310295,44.4262751],[26.1309854,44.4262399],[26.1310673,44.4261876],[26.1311017,44.426215],[26.131064,44.4262391],[26.1310737,44.4262468]]]},"properties":{"sources":[{"property":"","dataset":"OpenStreetMap","license":"ODbL-1.0","record_id":"w1484381830@1","update_time":"2026-03-01T20:17:43.000Z","confidence":null,"between":null,"provider":"osm","resource":"planet","version":"2026-08-02T00:00:00.000Z"}],"is_underground":false,"has_parts":false,"version":1}},
{"id":"1612bdbd-258e-46c5-a144-546c9d91b129","type":"Feature","geometry":{"type":"Polygon","coordinates":[[[26.1311284,44.4261198],[26.1309674,44.4262187],[26.130874,44.426141200000004],[26.131035,44.4260423],[26.1311284,44.4261198]]]},"properties":{"sources":[{"property":"","dataset":"OpenStreetMap","license":"ODbL-1.0","record_id":"w340071217@1","update_time":"2015-04-23T08:56:11.000Z","confidence":null,"between":null,"provider":"osm","resource":"planet","version":"2026-08-02T00:00:00.000Z"}],"is_underground":false,"has_parts":false,"version":1}},
{"id":"e42ab026-94fd-4918-85d5-f03cd78e87a1","type":"Feature","geometry":{"type":"Polygon","coordinates":[[[26.130809,44.4263138],[26.130773,44.4263363],[26.1306922,44.4262673],[26.1308607,44.4261678],[26.1308742,44.4261838],[26.1308854,44.426167],[26.1309802,44.4262556],[26.1309157,44.4262954],[26.1308798,44.4262865],[26.1308191,44.4263234],[26.130809,44.4263138]]]},"properties":{"sources":[{"property":"","dataset":"OpenStreetMap","license":"ODbL-1.0","record_id":"w224713548@1","update_time":"2017-11-02T06:42:27.000Z","confidence":null,"between":null,"provider":"osm","resource":"planet","version":"2026-08-02T00:00:00.000Z"}],"is_underground":false,"has_parts":false,"version":1}},
{"id":"2a8312e5-77c8-44af-ace0-d194f4ea24db","type":"Feature","geometry":{"type":"Polygon","coordinates":[[[26.1307784,44.4260221],[26.1306557,44.4260858],[26.1305659,44.4260216],[26.1305807,44.4259613],[26.1306557,44.425923],[26.1307784,44.4260221]]]},"properties":{"sources":[{"property":"","dataset":"OpenStreetMap","license":"ODbL-1.0","record_id":"w536476150@1","update_time":"2025-10-31T12:23:11.000Z","confidence":null,"between":null,"provider":"osm","resource":"planet","version":"2026-08-02T00:00:00.000Z"}],"is_underground":false,"has_parts":false,"version":2}},
{"id":"052eff7a-390d-4af3-8057-e0f8f26557d0","type":"Feature","geometry":{"type":"Polygon","coordinates":[[[26.1309461,44.4257247],[26.1308401,44.4257769],[26.130777899999998,44.4257125],[26.1308839,44.4256603],[26.1309461,44.4257247]]]},"properties":{"sources":[{"property":"","dataset":"OpenStreetMap","license":"ODbL-1.0","record_id":"w536476151@1","update_time":"2017-10-28T20:12:34.000Z","confidence":null,"between":null,"provider":"osm","resource":"planet","version":"2026-08-02T00:00:00.000Z"}],"is_underground":false,"has_parts":false,"version":1}},
{"id":"32d90af5-759c-444e-8734-18071a2826d5","type":"Feature","geometry":{"type":"Polygon","coordinates":[[[26.1309072,44.4259347],[26.1308675,44.4259562],[26.1307738,44.4258768],[26.1308461,44.4258314],[26.1309303,44.4259001],[26.1308922,44.425925],[26.1309072,44.4259347]]]},"properties":{"sources":[{"property":"","dataset":"OpenStreetMap","license":"ODbL-1.0","record_id":"w224713592@1","update_time":"2019-02-08T18:31:47.000Z","confidence":null,"between":null,"provider":"osm","resource":"planet","version":"2026-08-02T00:00:00.000Z"}],"is_underground":false,"has_parts":false,"version":1}},
{"id":"96632494-5deb-40fd-a039-0336d9d2a923","type":"Feature","geometry":{"type":"Polygon","coordinates":[[[26.1310026,44.4258558],[26.1309303,44.4259001],[26.1308461,44.4258314],[26.1308922,44.4258121],[26.1309128,44.4257991],[26.1309398,44.4258076],[26.1310026,44.4258558]]]},"properties":{"sources":[{"property":"","dataset":"OpenStreetMap","license":"ODbL-1.0","record_id":"w224713590@1","update_time":"2019-02-08T18:31:47.000Z","confidence":null,"between":null,"provider":"osm","resource":"planet","version":"2026-08-02T00:00:00.000Z"}],"is_underground":false,"has_parts":false,"version":1}},
{"id":"596f677f-af22-4d36-b8eb-cffe5f55b43e","type":"Feature","geometry":{"type":"Polygon","coordinates":[[[26.1311201,44.4257859],[26.1310256,44.4258449],[26.1309477,44.4257842],[26.1310788,44.425702],[26.131105,44.4256957],[26.1311439,44.4257292],[26.1311304,44.4257513],[26.1311201,44.4257859]]]},"properties":{"sources":[{"property":"","dataset":"OpenStreetMap","license":"ODbL-1.0","record_id":"w224713599@1","update_time":"2019-02-08T18:31:47.000Z","confidence":null,"between":null,"provider":"osm","resource":"planet","version":"2026-08-02T00:00:00.000Z"}],"is_underground":false,"has_parts":false,"version":1}},
{"id":"17321dc9-f48d-4e77-8a0a-56845b38a5a5","type":"Feature","geometry":{"type":"Polygon","coordinates":[[[26.1310753,44.4256786],[26.1309867,44.4257241],[26.1309015,44.4256395],[26.1309902,44.425594],[26.1310753,44.4256786]]]},"properties":{"sources":[{"property":"","dataset":"OpenStreetMap","license":"ODbL-1.0","record_id":"w536476154@1","update_time":"2017-10-28T20:12:34.000Z","confidence":null,"between":null,"provider":"osm","resource":"planet","version":"2026-08-02T00:00:00.000Z"}],"is_underground":false,"has_parts":false,"version":1}},
{"id":"f2ba341a-a6a5-45b4-b325-17f713e60c82","type":"Feature","geometry":{"type":"Polygon","coordinates":[[[26.1310324,44.4252927],[26.1311155,44.4253885],[26.1310083,44.4254383],[26.1309197,44.4253368],[26.1310324,44.4252927]]]},"properties":{"sources":[{"property":"","dataset":"OpenStreetMap","license":"ODbL-1.0","record_id":"w537610110@1","update_time":"2017-11-02T06:42:26.000Z","confidence":null,"between":null,"provider":"osm","resource":"planet","version":"2026-08-02T00:00:00.000Z"}],"is_underground":false,"has_parts":false,"version":1}},
{"id":"87e3b996-8aa7-4666-9220-5340136e1ba0","type":"Feature","geometry":{"type":"Polygon","coordinates":[[[26.1309143,44.425476],[26.1308991,44.4254857],[26.1307935,44.4253709],[26.1308166,44.425342],[26.1307953,44.4253187],[26.1308587,44.425281],[26.1309952,44.4254375],[26.1309143,44.425476]]]},"properties":{"sources":[{"property":"","dataset":"OpenStreetMap","license":"ODbL-1.0","record_id":"w224713598@1","update_time":"2019-10-31T18:57:23.000Z","confidence":null,"between":null,"provider":"osm","resource":"planet","version":"2026-08-02T00:00:00.000Z"}],"is_underground":false,"has_parts":false,"version":1}},
{"id":"e116ffe1-02b3-4f97-8fc3-56e8ddad7e92","type":"Feature","geometry":{"type":"Polygon","coordinates":[[[26.1308991,44.4254857],[26.1308244,44.4255267],[26.130739,44.4254316],[26.1307272,44.4254087],[26.130744,44.4253991],[26.1307328,44.4253485],[26.1307789,44.425355],[26.1307935,44.4253709],[26.1308991,44.4254857]]]},"properties":{"sources":[{"property":"","dataset":"OpenStreetMap","license":"ODbL-1.0","record_id":"w224713605@1","update_time":"2019-10-31T18:57:23.000Z","confidence":null,"between":null,"provider":"osm","resource":"planet","version":"2026-08-02T00:00:00.000Z"}],"is_underground":false,"has_parts":false,"version":1}},
{"id":"fc8d6c75-cdd1-4b5b-af19-c52ffea54cdd","type":"Feature","geometry":{"type":"Polygon","coordinates":[[[26.1307683,44.4252836],[26.1306775,44.425161],[26.1308326,44.4251025],[26.1309234,44.4252251],[26.1307683,44.4252836]]]},"properties":{"sources":[{"property":"","dataset":"OpenStreetMap","license":"ODbL-1.0","record_id":"w536470823@1","update_time":"2019-02-08T18:31:52.000Z","confidence":null,"between":null,"provider":"osm","resource":"planet","version":"2026-08-02T00:00:00.000Z"}],"is_underground":false,"has_parts":false,"version":1}},
{"id":"439a6d65-6397-45ff-ab8a-eb4d5294dc29","type":"Feature","geometry":{"type":"Polygon","coordinates":[[[26.1310608,44.4251301],[26.1309474,44.4251741],[26.1309045,44.4251176],[26.1310179,44.4250737],[26.1310608,44.4251301]]]},"properties":{"sources":[{"property":"","dataset":"OpenStreetMap","license":"ODbL-1.0","record_id":"w996196321@1","update_time":"2021-10-25T05:12:44.000Z","confidence":null,"between":null,"provider":"osm","resource":"planet","version":"2026-08-02T00:00:00.000Z"}],"is_underground":false,"has_parts":false,"version":1}},
{"id":"611470fb-715c-43a2-a95a-e969f09a5f0b","type":"Feature","geometry":{"type":"Polygon","coordinates":[[[26.1315474,44.4252026],[26.1314428,44.4252429],[26.131365,44.4251338],[26.131306,44.4251529],[26.131255,44.4250839],[26.1313784,44.4250455],[26.131432,44.4251241],[26.1314642,44.4251107],[26.1315474,44.4252026]]]},"properties":{"sources":[{"property":"","dataset":"OpenStreetMap","license":"ODbL-1.0","record_id":"w537610112@1","update_time":"2017-11-02T06:42:26.000Z","confidence":null,"between":null,"provider":"osm","resource":"planet","version":"2026-08-02T00:00:00.000Z"}],"is_underground":false,"has_parts":false,"version":1}},
{"id":"13124e84-f7dc-4dff-9fca-e1cb365aa652","type":"Feature","geometry":{"type":"Polygon","coordinates":[[[26.1314346,44.4252459],[26.1313416,44.4252808],[26.1312601,44.4251923],[26.1313645,44.4251609],[26.1314346,44.4252459]]]},"properties":{"sources":[{"property":"","dataset":"OpenStreetMap","license":"ODbL-1.0","record_id":"w224713565@1","update_time":"2013-06-07T08:06:59.000Z","confidence":null,"between":null,"provider":"osm","resource":"planet","version":"2026-08-02T00:00:00.000Z"}],"is_underground":false,"has_parts":false,"version":1}},
{"id":"f2e6dd1e-53be-4365-8729-3edd19028da1","type":"Feature","geometry":{"type":"Polygon","coordinates":[[[26.1313138,44.4252973],[26.1311335,44.4253764],[26.131059,44.4252897],[26.1311784,44.4252373],[26.1312393,44.4252107],[26.1313138,44.4252973]]]},"properties":{"sources":[{"property":"","dataset":"OpenStreetMap","license":"ODbL-1.0","record_id":"w224713584@1","update_time":"2017-11-02T06:42:27.000Z","confidence":null,"between":null,"provider":"osm","resource":"planet","version":"2026-08-02T00:00:00.000Z"}],"is_underground":false,"has_parts":false,"version":1}},
{"id":"9969a464-84bb-45f4-a303-8e0b8393da79","type":"Feature","geometry":{"type":"Polygon","coordinates":[[[26.1313856,44.4256162],[26.1312198,44.4257119],[26.1311272,44.4256302],[26.131293,44.4255345],[26.1313856,44.4256162]]]},"properties":{"sources":[{"property":"","dataset":"OpenStreetMap","license":"ODbL-1.0","record_id":"w340071220@1","update_time":"2015-04-23T08:56:11.000Z","confidence":null,"between":null,"provider":"osm","resource":"planet","version":"2026-08-02T00:00:00.000Z"}],"is_underground":false,"has_parts":false,"version":1}},
{"id":"f0072467-c039-4602-a305-1229c215fdd5","type":"Feature","geometry":{"type":"Polygon","coordinates":[[[26.1314295,44.4256055],[26.1313378,44.425528],[26.1313199,44.4255144],[26.1314295,44.4254505],[26.1313892,44.4254082],[26.1314519,44.4253714],[26.1316018,44.4254977],[26.1314295,44.4256055]]]},"properties":{"sources":[{"property":"","dataset":"OpenStreetMap","license":"ODbL-1.0","record_id":"w162570173@1","update_time":"2013-06-07T08:07:08.000Z","confidence":null,"between":null,"provider":"osm","resource":"planet","version":"2026-08-02T00:00:00.000Z"}],"is_underground":false,"has_parts":false,"version":1}},
{"id":"f743eba3-4b04-49e0-92f4-ceb8535a9202","type":"Feature","geometry":{"type":"Polygon","coordinates":[[[26.1316161,44.4253875],[26.1315795,44.4254083],[26.131524,44.4253399],[26.1316725,44.4252815],[26.131712,44.4253298],[26.1317289,44.4253224],[26.1317599,44.425362],[26.1317411,44.4253701],[26.1317599,44.4253996],[26.1316594,44.4254587],[26.1316236,44.4254177],[26.1316387,44.4254104],[26.1316161,44.4253875]]]},"properties":{"sources":[{"property":"","dataset":"OpenStreetMap","license":"ODbL-1.0","record_id":"w260255224@1","update_time":"2019-02-07T22:40:36.000Z","confidence":null,"between":null,"provider":"osm","resource":"planet","version":"2026-08-02T00:00:00.000Z"}],"is_underground":false,"has_parts":false,"version":1}},
{"id":"4f28c5a8-70bc-45bc-82c5-575d2ea5a809","type":"Feature","geometry":{"type":"Polygon","coordinates":[[[26.1316302,44.4251532],[26.1315634,44.4251888],[26.1314313,44.4250701],[26.1314721,44.4250526],[26.1315047,44.4250992],[26.1315291,44.4250852],[26.1314851,44.4250235],[26.131521,44.4249956],[26.1315927,44.4250736],[26.1315869,44.4250898],[26.1316296,44.4251297],[26.1316302,44.4251532]]]},"properties":{"sources":[{"property":"","dataset":"OpenStreetMap","license":"ODbL-1.0","record_id":"w224713551@1","update_time":"2013-06-07T08:06:57.000Z","confidence":null,"between":null,"provider":"osm","resource":"planet","version":"2026-08-02T00:00:00.000Z"}],"is_underground":false,"has_parts":false,"version":1}},
{"id":"7ec2b024-455a-4e42-a4b2-2b0a55888096","type":"Feature","geometry":{"type":"Polygon","coordinates":[[[26.1317507,44.4251054],[26.1316529,44.4251462],[26.1315306,44.4249913],[26.1316317,44.4249505],[26.1317507,44.4251054]]]},"properties":{"sources":[{"property":"","dataset":"OpenStreetMap","license":"ODbL-1.0","record_id":"w224713572@5","update_time":"2026-07-23T08:12:28.000Z","confidence":null,"between":null,"provider":"osm","resource":"planet","version":"2026-08-02T00:00:00.000Z"}],"is_underground":false,"num_floors":3,"subtype":"residential","class":"apartments","roof_shape":"saltbox","has_parts":false,"version":1}},
{"id":"b89d89bb-cbe2-41d8-8f46-45ada8f927d0","type":"Feature","geometry":{"type":"Polygon","coordinates":[[[26.1318426,44.4253457],[26.1318011,44.4253665],[26.131694,44.4252604],[26.1317956,44.4252161],[26.1318285,44.4252241],[26.1318529,44.4252443],[26.1319309,44.4253309],[26.1318661,44.4253665],[26.1318426,44.4253457]]]},"properties":{"sources":[{"property":"","dataset":"OpenStreetMap","license":"ODbL-1.0","record_id":"w260255249@1","update_time":"2019-02-07T22:40:36.000Z","confidence":null,"between":null,"provider":"osm","resource":"planet","version":"2026-08-02T00:00:00.000Z"}],"is_underground":false,"has_parts":false,"version":1}},
{"id":"555515f8-d347-4352-9d68-3a22d5ea3997","type":"Feature","geometry":{"type":"Polygon","coordinates":[[[26.1321613,44.4251569],[26.1320228,44.4252113],[26.1319072,44.4250612],[26.1320457,44.4250068],[26.1321613,44.4251569]]]},"properties":{"sources":[{"property":"","dataset":"OpenStreetMap","license":"ODbL-1.0","record_id":"w249250010@4","update_time":"2026-07-23T08:12:28.000Z","confidence":null,"between":null,"provider":"osm","resource":"planet","version":"2026-08-02T00:00:00.000Z"}],"is_underground":false,"subtype":"residential","class":"apartments","has_parts":false,"version":1}},
{"id":"0cf9e6fb-f232-4804-9075-d9a023b0aa74","type":"Feature","geometry":{"type":"Polygon","coordinates":[[[26.1321528,44.4254791],[26.1319883,44.4255926],[26.1318675,44.4255039],[26.1320275,44.4254064],[26.1321528,44.4254791]]]},"properties":{"sources":[{"property":"","dataset":"OpenStreetMap","license":"ODbL-1.0","record_id":"w162570088@3","update_time":"2021-03-27T14:11:31.000Z","confidence":null,"between":null,"provider":"osm","resource":"planet","version":"2026-08-02T00:00:00.000Z"}],"is_underground":false,"num_floors":5,"subtype":"commercial","class":"office","has_parts":false,"version":1}},
{"id":"b4468511-34cf-4044-92d8-89a3c65bf0a8","type":"Feature","geometry":{"type":"Polygon","coordinates":[[[26.1318505,44.42568],[26.1317175,44.4257653],[26.131629,44.4256949],[26.1317619,44.4256096],[26.1318505,44.42568]]]},"properties":{"sources":[{"property":"","dataset":"OpenStreetMap","license":"ODbL-1.0","record_id":"w340071216@1","update_time":"2019-10-31T18:57:23.000Z","confidence":null,"between":null,"provider":"osm","resource":"planet","version":"2026-08-02T00:00:00.000Z"}],"is_underground":false,"has_parts":false,"version":1}},
{"id":"873a54db-b19c-46d0-9630-bbcb8d225254","type":"Feature","geometry":{"type":"Polygon","coordinates":[[[26.1319142,44.4259353],[26.1317864,44.4258448],[26.1319005,44.425767],[26.1320252,44.4258583],[26.1319142,44.4259353]]]},"properties":{"sources":[{"property":"","dataset":"OpenStreetMap","license":"ODbL-1.0","record_id":"w1019652197@1","update_time":"2022-01-09T09:25:16.000Z","confidence":null,"between":null,"provider":"osm","resource":"planet","version":"2026-08-02T00:00:00.000Z"}],"is_underground":false,"has_parts":false,"version":1}},
{"id":"eaf96959-bdec-4e8a-8bfc-dd9cf29ebc7a","type":"Feature","geometry":{"type":"Polygon","coordinates":[[[26.1318207,44.425963],[26.1316982,44.4260398],[26.1316318,44.4259858],[26.1317542,44.425909],[26.1318207,44.425963]]]},"properties":{"sources":[{"property":"","dataset":"OpenStreetMap","license":"ODbL-1.0","record_id":"w381560348@1","update_time":"2015-11-20T19:39:04.000Z","confidence":null,"between":null,"provider":"osm","resource":"planet","version":"2026-08-02T00:00:00.000Z"}],"is_underground":false,"has_parts":false,"version":1}},
{"id":"74f2fbb7-6395-4203-a5be-5f21f3703a68","type":"Feature","geometry":{"type":"Polygon","coordinates":[[[26.1318475,44.426147],[26.131923,44.4261998],[26.1319341,44.4262105],[26.1319063,44.4262281],[26.1319309,44.4262451],[26.1318284,44.4263047],[26.1317816,44.4262826],[26.1317982,44.4262752],[26.131776,44.4262559],[26.131803,44.4262321],[26.1317816,44.4262151],[26.1317903,44.426206],[26.131776,44.4261918],[26.1318475,44.426147]]]},"properties":{"sources":[{"property":"","dataset":"OpenStreetMap","license":"ODbL-1.0","record_id":"w224713556@1","update_time":"2013-06-07T08:06:58.000Z","confidence":null,"between":null,"provider":"osm","resource":"planet","version":"2026-08-02T00:00:00.000Z"}],"is_underground":false,"has_parts":false,"version":1}},
{"id":"3e67a409-3a1b-4c00-bb4a-9a83cd90f66f","type":"Feature","geometry":{"type":"Polygon","coordinates":[[[26.1319889,44.4261544],[26.131923,44.4261998],[26.1318475,44.426147],[26.1319277,44.4260931],[26.1319476,44.4260886],[26.1319674,44.4260931],[26.1320342,44.4261328],[26.1319992,44.42616],[26.1319889,44.4261544]]]},"properties":{"sources":[{"property":"","dataset":"OpenStreetMap","license":"ODbL-1.0","record_id":"w224713606@1","update_time":"2013-06-07T08:07:01.000Z","confidence":null,"between":null,"provider":"osm","resource":"planet","version":"2026-08-02T00:00:00.000Z"}],"is_underground":false,"has_parts":false,"version":1}},
{"id":"8556cf0a-0135-4a1c-83fb-ef6609cc88e1","type":"Feature","geometry":{"type":"Polygon","coordinates":[[[26.1321184,44.4262293],[26.1319611,44.4263342],[26.1319007,44.4262814],[26.1319516,44.4262457],[26.1320246,44.4262026],[26.1320556,44.4262026],[26.1320882,44.4262071],[26.1321184,44.4262293]]]},"properties":{"sources":[{"property":"","dataset":"OpenStreetMap","license":"ODbL-1.0","record_id":"w224713602@1","update_time":"2013-06-07T08:07:01.000Z","confidence":null,"between":null,"provider":"osm","resource":"planet","version":"2026-08-02T00:00:00.000Z"}],"is_underground":false,"has_parts":false,"version":1}},
{"id":"181e281d-98bb-4611-8734-1cf15f903319","type":"Feature","geometry":{"type":"Polygon","coordinates":[[[26.1320966,44.4258626],[26.1320137,44.4258063],[26.1320922,44.4257474],[26.1321751,44.4258037],[26.1320966,44.4258626]]]},"properties":{"sources":[{"property":"","dataset":"OpenStreetMap","license":"ODbL-1.0","record_id":"w536476157@1","update_time":"2017-10-28T20:12:35.000Z","confidence":null,"between":null,"provider":"osm","resource":"planet","version":"2026-08-02T00:00:00.000Z"}],"is_underground":false,"has_parts":false,"version":1}},
{"id":"0f001cbf-0435-4bac-a7d8-48455073cfb8","type":"Feature","geometry":{"type":"Polygon","coordinates":[[[26.1321864,44.4257811],[26.1320783,44.4257098],[26.1322419,44.4255833],[26.13235,44.4256546],[26.1321864,44.4257811]]]},"properties":{"sources":[{"property":"","dataset":"OpenStreetMap","license":"ODbL-1.0","record_id":"w249250052@5","update_time":"2026-07-23T08:12:28.000Z","confidence":null,"between":null,"provider":"osm","resource":"planet","version":"2026-08-02T00:00:00.000Z"}],"is_underground":false,"num_floors":2,"subtype":"residential","class":"apartments","roof_shape":"gabled","has_parts":false,"version":1}},
{"id":"31d7f02c-3942-4ef1-b422-c4d2a649efd4","type":"Feature","geometry":{"type":"Polygon","coordinates":[[[26.1324048,44.4262278],[26.1321221,44.4260332],[26.1322414,44.4259449],[26.132524,44.4261395],[26.1324048,44.4262278]]]},"properties":{"names":{"primary":"Bloc D13","common":null,"rules":null},"sources":[{"property":"","dataset":"OpenStreetMap","license":"ODbL-1.0","record_id":"w75127012@9","update_time":"2024-05-05T19:15:47.000Z","confidence":null,"between":null,"provider":"osm","resource":"planet","version":"2026-08-02T00:00:00.000Z"}],"is_underground":false,"num_floors":5,"subtype":"residential","class":"apartments","roof_shape":"flat","has_parts":false,"version":1}},
{"id":"47b66762-33d9-4f47-87bf-a0823dbebb6a","type":"Feature","geometry":{"type":"Polygon","coordinates":[[[26.1326298,44.4260677],[26.1323618,44.4258656],[26.1325018,44.4257709],[26.1327698,44.425973],[26.1326298,44.4260677]]]},"properties":{"names":{"primary":"Bloc D14","common":null,"rules":null},"sources":[{"property":"","dataset":"OpenStreetMap","license":"ODbL-1.0","record_id":"w75127009@8","update_time":"2025-10-09T08:44:43.000Z","confidence":null,"between":null,"provider":"osm","resource":"planet","version":"2026-08-02T00:00:00.000Z"}],"is_underground":false,"num_floors":5,"subtype":"residential","class":"apartments","roof_shape":"flat","has_parts":false,"version":1}},
{"id":"5af31862-0543-4ecd-9b3c-18ffe566740d","type":"Feature","geometry":{"type":"Polygon","coordinates":[[[26.1327683,44.4257592],[26.1326848,44.4257055],[26.1328334,44.4255876],[26.1329169,44.4256412],[26.1327683,44.4257592]]]},"properties":{"sources":[{"property":"","dataset":"OpenStreetMap","license":"ODbL-1.0","record_id":"w249249981@1","update_time":"2013-11-30T19:33:53.000Z","confidence":null,"between":null,"provider":"osm","resource":"planet","version":"2026-08-02T00:00:00.000Z"}],"is_underground":false,"has_parts":false,"version":1}},
{"id":"a09d5eef-2b3c-44ec-9ede-638bcf7119db","type":"Feature","geometry":{"type":"Polygon","coordinates":[[[26.13262,44.4256888],[26.1325818,44.4256607],[26.1327435,44.4255348],[26.1327963,44.4255781],[26.1327435,44.4256238],[26.1327278,44.4256134],[26.13262,44.4256888]]]},"properties":{"sources":[{"property":"","dataset":"OpenStreetMap","license":"ODbL-1.0","record_id":"w224713597@1","update_time":"2013-06-07T08:07:00.000Z","confidence":null,"between":null,"provider":"osm","resource":"planet","version":"2026-08-02T00:00:00.000Z"}],"is_underground":false,"has_parts":false,"version":1}},
{"id":"905ae1b0-84a3-4c86-b8f2-74e09d8e08dd","type":"Feature","geometry":{"type":"Polygon","coordinates":[[[26.1328177,44.4255171],[26.1327458,44.4254762],[26.1328211,44.4254064],[26.1328918,44.4254521],[26.1328177,44.4255171]]]},"properties":{"sources":[{"property":"","dataset":"OpenStreetMap","license":"ODbL-1.0","record_id":"w224713567@2","update_time":"2021-05-16T13:01:53.000Z","confidence":null,"between":null,"provider":"osm","resource":"planet","version":"2026-08-02T00:00:00.000Z"}],"is_underground":false,"subtype":"residential","class":"semidetached_house","has_parts":false,"version":1}},
{"id":"9f324570-c364-4100-bc2a-95a77c01ce8c","type":"Feature","geometry":{"type":"Polygon","coordinates":[[[26.1328211,44.4254064],[26.1327458,44.4254762],[26.1326649,44.4254281],[26.1327391,44.4253583],[26.1328211,44.4254064]]]},"properties":{"sources":[{"property":"","dataset":"OpenStreetMap","license":"ODbL-1.0","record_id":"w224713571@2","update_time":"2021-05-16T13:01:53.000Z","confidence":null,"between":null,"provider":"osm","resource":"planet","version":"2026-08-02T00:00:00.000Z"}],"is_underground":false,"subtype":"residential","class":"semidetached_house","has_parts":false,"version":1}},
{"id":"d6c1a787-59a6-4c3a-86ad-cf9f7d8eaa0d","type":"Feature","geometry":{"type":"Polygon","coordinates":[[[26.1326215,44.425415],[26.1325527,44.4253764],[26.1326292,44.4253067],[26.1326981,44.4253453],[26.1326215,44.425415]]]},"properties":{"sources":[{"property":"","dataset":"OpenStreetMap","license":"ODbL-1.0","record_id":"w249249992@1","update_time":"2013-11-30T19:33:54.000Z","confidence":null,"between":null,"provider":"osm","resource":"planet","version":"2026-08-02T00:00:00.000Z"}],"is_underground":false,"has_parts":false,"version":1}},
{"id":"d1f267c1-eb85-46af-bfdc-c6a3f0e746e9","type":"Feature","geometry":{"type":"Polygon","coordinates":[[[26.1325409,44.4255536],[26.1324716,44.4255018],[26.1325505,44.4254479],[26.1326199,44.4254998],[26.1325409,44.4255536]]]},"properties":{"sources":[{"property":"","dataset":"OpenStreetMap","license":"ODbL-1.0","record_id":"w249250043@1","update_time":"2013-11-30T19:33:57.000Z","confidence":null,"between":null,"provider":"osm","resource":"planet","version":"2026-08-02T00:00:00.000Z"}],"is_underground":false,"has_parts":false,"version":1}},
{"id":"c8fe5832-e267-4572-8943-8ca807ea400d","type":"Feature","geometry":{"type":"Polygon","coordinates":[[[26.1327435,44.4255348],[26.1325818,44.4256607],[26.1325222,44.4256214],[26.1326997,44.4254826],[26.132748,44.4255171],[26.1327435,44.4255348]]]},"properties":{"sources":[{"property":"","dataset":"OpenStreetMap","license":"ODbL-1.0","record_id":"w224713589@1","update_time":"2013-06-07T08:07:00.000Z","confidence":null,"between":null,"provider":"osm","resource":"planet","version":"2026-08-02T00:00:00.000Z"}],"is_underground":false,"has_parts":false,"version":1}},
{"id":"c5696a52-5a60-4fa7-bd61-f5eea52c0f00","type":"Feature","geometry":{"type":"Polygon","coordinates":[[[26.1324821,44.4255994],[26.1322975,44.4254782],[26.1323563,44.4254325],[26.1325409,44.4255536],[26.1324821,44.4255994]]]},"properties":{"sources":[{"property":"","dataset":"OpenStreetMap","license":"ODbL-1.0","record_id":"w249249989@1","update_time":"2013-11-30T19:33:54.000Z","confidence":null,"between":null,"provider":"osm","resource":"planet","version":"2026-08-02T00:00:00.000Z"}],"is_underground":false,"has_parts":false,"version":1}},
{"id":"af3ccc11-4060-45b5-88ac-b02e9dad4680","type":"Feature","geometry":{"type":"Polygon","coordinates":[[[26.1323366,44.4253606],[26.1322376,44.4254385],[26.1321919,44.4254075],[26.132205,44.4253952],[26.1321856,44.4253818],[26.1322016,44.4253685],[26.1321766,44.4253477],[26.1322445,44.4252983],[26.1323366,44.4253606]]]},"properties":{"sources":[{"property":"","dataset":"OpenStreetMap","license":"ODbL-1.0","record_id":"w260094598@1","update_time":"2017-11-02T06:42:28.000Z","confidence":null,"between":null,"provider":"osm","resource":"planet","version":"2026-08-02T00:00:00.000Z"}],"is_underground":false,"has_parts":false,"version":1}},
{"id":"5c7f0d86-5cd2-4158-a9d1-af4e9cf08041","type":"Feature","geometry":{"type":"Polygon","coordinates":[[[26.1325407,44.4253496],[26.132362,44.4252456],[26.1324468,44.4251713],[26.1326254,44.4252753],[26.1325407,44.4253496]]]},"properties":{"sources":[{"property":"","dataset":"OpenStreetMap","license":"ODbL-1.0","record_id":"w249249976@1","update_time":"2013-11-30T19:33:53.000Z","confidence":null,"between":null,"provider":"osm","resource":"planet","version":"2026-08-02T00:00:00.000Z"}],"is_underground":false,"has_parts":false,"version":1}},
{"id":"9993c4d9-a8dd-43d4-8115-5665c3e9eeca","type":"Feature","geometry":{"type":"Polygon","coordinates":[[[26.1327587,44.425076],[26.1326534,44.4251645],[26.1325939,44.4251304],[26.1326077,44.4251181],[26.132589,44.4251057],[26.1326077,44.4250909],[26.1325807,44.4250741],[26.1326541,44.4250152],[26.1327587,44.425076]]]},"properties":{"sources":[{"property":"","dataset":"OpenStreetMap","license":"ODbL-1.0","record_id":"w260094597@1","update_time":"2014-02-05T12:02:39.000Z","confidence":null,"between":null,"provider":"osm","resource":"planet","version":"2026-08-02T00:00:00.000Z"}],"is_underground":false,"has_parts":false,"version":1}},
{"id":"2fc69ad7-b0bb-4e9b-9939-1f3b68cdedd5","type":"Feature","geometry":{"type":"Polygon","coordinates":[[[26.1329475,44.4253239],[26.1327268,44.4251952],[26.1328061,44.425125800000004],[26.1330268,44.4252545],[26.1329475,44.4253239]]]},"properties":{"sources":[{"property":"","dataset":"OpenStreetMap","license":"ODbL-1.0","record_id":"w249249996@2","update_time":"2021-05-16T13:01:55.000Z","confidence":null,"between":null,"provider":"osm","resource":"planet","version":"2026-08-02T00:00:00.000Z"}],"is_underground":false,"subtype":"residential","class":"terrace","has_parts":false,"version":1}},
{"id":"5cc9dbb1-b9a1-4267-bb87-73f55d76b4a2","type":"Feature","geometry":{"type":"Polygon","coordinates":[[[26.1328492,44.4258523],[26.1327913,44.4258138],[26.132979,44.4256701],[26.1330369,44.4257087],[26.1328492,44.4258523]]]},"properties":{"sources":[{"property":"","dataset":"OpenStreetMap","license":"ODbL-1.0","record_id":"w249250038@1","update_time":"2013-11-30T19:33:56.000Z","confidence":null,"between":null,"provider":"osm","resource":"planet","version":"2026-08-02T00:00:00.000Z"}],"is_underground":false,"has_parts":false,"version":1}},
{"id":"7be94140-e3bd-4121-b826-8ca65c3b48ae","type":"Feature","geometry":{"type":"Polygon","coordinates":[[[26.1325123,44.4275807],[26.1323833,44.4274868],[26.1326886,44.4272728],[26.1328176,44.4273667],[26.1325123,44.4275807]]]},"properties":{"names":{"primary":"Bloc D9","common":null,"rules":null},"sources":[{"property":"","dataset":"OpenStreetMap","license":"ODbL-1.0","record_id":"w75126994@10","update_time":"2024-05-05T19:15:47.000Z","confidence":null,"between":null,"provider":"osm","resource":"planet","version":"2026-08-02T00:00:00.000Z"}],"is_underground":false,"num_floors":5,"subtype":"residential","class":"apartments","roof_shape":"flat","has_parts":false,"version":1}},
{"id":"edc53566-ccc8-4dfc-9699-aad0f6a02aa6","type":"Feature","geometry":{"type":"Polygon","coordinates":[[[26.1322241,44.4273787],[26.132106,44.4272868],[26.1324099,44.4270877],[26.132528,44.4271796],[26.132442,44.4272359],[26.1322928,44.4273337],[26.1322241,44.4273787]]]},"properties":{"names":{"primary":"Bl. D10","common":null,"rules":null},"sources":[{"property":"","dataset":"OpenStreetMap","license":"ODbL-1.0","record_id":"w75127016@11","update_time":"2022-05-02T08:36:06.000Z","confidence":null,"between":null,"provider":"osm","resource":"planet","version":"2026-08-02T00:00:00.000Z"}],"is_underground":false,"num_floors":5,"subtype":"residential","class":"apartments","roof_shape":"flat","has_parts":false,"version":1}},
{"id":"5d5bf3c9-6c87-4d6d-9441-ac82e5e430ef","type":"Feature","geometry":{"type":"Polygon","coordinates":[[[26.132978,44.4266893],[26.1330707,44.4267581],[26.1330385,44.4267765],[26.1330855,44.4268112],[26.1327203,44.4270632],[26.132405,44.4268302],[26.1324325,44.4268112],[26.1323601,44.4267577],[26.1324971,44.4266631],[26.1326299,44.4267612],[26.1325747,44.4267993],[26.1327202,44.4269068],[26.1329271,44.4267639],[26.132902,44.4267453],[26.132978,44.4266893]]]},"properties":{"names":{"primary":"Bloc D15","common":null,"rules":null},"sources":[{"property":"","dataset":"OpenStreetMap","license":"ODbL-1.0","record_id":"w199289237@6","update_time":"2026-07-23T08:12:28.000Z","confidence":null,"between":null,"provider":"osm","resource":"planet","version":"2026-08-02T00:00:00.000Z"}],"is_underground":false,"num_floors":5,"subtype":"residential","class":"apartments","roof_shape":"flat","has_parts":false,"version":1}},
{"id":"4f27b586-f96c-45a3-86c8-f23d0f658c41","type":"Feature","geometry":{"type":"Polygon","coordinates":[[[26.1323949,44.4266494],[26.1322755,44.4267277],[26.1321275,44.4266126],[26.1324748,44.4263848],[26.1324987,44.4264034],[26.1326555,44.4263005],[26.1326224,44.4262748],[26.1329228,44.4260777],[26.1330989,44.4262145],[26.1329943,44.4262832],[26.1329173,44.4262233],[26.1327737,44.4263176],[26.132812,44.4263474],[26.1325746,44.4265032],[26.1325387,44.4264753],[26.1323392,44.4266062],[26.1323949,44.4266494]]]},"properties":{"names":{"primary":"Bloc D12","common":null,"rules":null},"sources":[{"property":"","dataset":"OpenStreetMap","license":"ODbL-1.0","record_id":"w161116579@7","update_time":"2026-07-23T08:12:28.000Z","confidence":null,"between":null,"provider":"osm","resource":"planet","version":"2026-08-02T00:00:00.000Z"}],"is_underground":false,"num_floors":5,"subtype":"residential","class":"apartments","roof_shape":"flat","has_parts":false,"version":1}},
{"id":"607db9a4-dfa0-4630-b5c5-13d8673fab29","type":"Feature","geometry":{"type":"Polygon","coordinates":[[[26.1319172,44.4265247],[26.1318703,44.4265558],[26.1317163,44.4264374],[26.1318292,44.4263625],[26.1318832,44.4264041],[26.1318172,44.4264478],[26.1319172,44.4265247]]]},"properties":{"sources":[{"property":"","dataset":"OpenStreetMap","license":"ODbL-1.0","record_id":"w996196323@1","update_time":"2021-10-25T05:12:44.000Z","confidence":null,"between":null,"provider":"osm","resource":"planet","version":"2026-08-02T00:00:00.000Z"}],"is_underground":false,"has_parts":false,"version":1}},
{"id":"c8bfdf1d-9a1d-473c-bb9c-ed25410f6efe","type":"Feature","geometry":{"type":"Polygon","coordinates":[[[26.1318362,44.4263501],[26.1317351,44.4264168],[26.1316314,44.4263367],[26.1317324,44.42627],[26.1318362,44.4263501]]]},"properties":{"sources":[{"property":"","dataset":"OpenStreetMap","license":"ODbL-1.0","record_id":"w536476156@1","update_time":"2017-10-28T20:12:35.000Z","confidence":null,"between":null,"provider":"osm","resource":"planet","version":"2026-08-02T00:00:00.000Z"}],"is_underground":false,"has_parts":false,"version":1}},
{"id":"a53f9b23-d666-401f-97cd-acb269910151","type":"Feature","geometry":{"type":"Polygon","coordinates":[[[26.1317825,44.4266153],[26.1317309,44.4266497],[26.131629,44.4265717],[26.1317044,44.4265215],[26.1317698,44.4265716],[26.1317461,44.4265874],[26.1317825,44.4266153]]]},"properties":{"sources":[{"property":"","dataset":"OpenStreetMap","license":"ODbL-1.0","record_id":"w996196322@1","update_time":"2021-10-25T05:12:44.000Z","confidence":null,"between":null,"provider":"osm","resource":"planet","version":"2026-08-02T00:00:00.000Z"}],"is_underground":false,"has_parts":false,"version":1}},
{"id":"5932f20c-a742-4aad-9ffc-0592749af7cb","type":"Feature","geometry":{"type":"Polygon","coordinates":[[[26.1318277,44.4270202],[26.1316931,44.4271159],[26.1315523,44.4270149],[26.1319389,44.4267402],[26.13214,44.4268846],[26.1320466,44.4269509],[26.1319324,44.426869],[26.1317739,44.4269816],[26.1318277,44.4270202]]]},"properties":{"names":{"primary":"Bloc D11","common":null,"rules":null},"sources":[{"property":"","dataset":"OpenStreetMap","license":"ODbL-1.0","record_id":"w75127006@7","update_time":"2026-07-23T08:12:28.000Z","confidence":null,"between":null,"provider":"osm","resource":"planet","version":"2026-08-02T00:00:00.000Z"}],"is_underground":false,"num_floors":5,"subtype":"residential","class":"apartments","roof_shape":"flat","has_parts":false,"version":1}},
{"id":"a5b172ce-3dbb-4a77-953d-7e61d954847a","type":"Feature","geometry":{"type":"Polygon","coordinates":[[[26.13172,44.4275234],[26.1318442,44.427422],[26.1319062,44.4274519],[26.1319424,44.4274433],[26.1320657,44.4275208],[26.1320603,44.4275399],[26.1321943,44.4276146],[26.1322238,44.4276117],[26.1323471,44.4276892],[26.132335,44.4276998],[26.1323837,44.4277332],[26.1322468,44.4278412],[26.1321796,44.4277983],[26.1321957,44.4277811],[26.1320911,44.4277122],[26.1320683,44.4277304],[26.1318928,44.4276222],[26.1319156,44.4275993],[26.1318124,44.4275409],[26.1317802,44.4275591],[26.13172,44.4275234]]]},"properties":{"names":{"primary":"Bl. S10","common":null,"rules":null},"sources":[{"property":"","dataset":"OpenStreetMap","license":"ODbL-1.0","record_id":"w245158183@7","update_time":"2022-05-02T08:36:06.000Z","confidence":null,"between":null,"provider":"osm","resource":"planet","version":"2026-08-02T00:00:00.000Z"}],"is_underground":false,"num_floors":8,"subtype":"residential","class":"apartments","roof_shape":"flat","has_parts":false,"version":1}},
{"id":"a162ba66-e614-41e2-8b41-6e26f21bf0c8","type":"Feature","geometry":{"type":"Polygon","coordinates":[[[26.1316562,44.4282983],[26.1318215,44.42816],[26.1322157,44.4284027],[26.1322526,44.4284322],[26.1322661,44.4284689],[26.1322519,44.428496],[26.1321349,44.428593],[26.1316562,44.4282983]]]},"properties":{"names":{"primary":"Bl. S12","common":null,"rules":null},"sources":[{"property":"","dataset":"OpenStreetMap","license":"ODbL-1.0","record_id":"w245158184@6","update_time":"2026-07-23T08:12:28.000Z","confidence":null,"between":null,"provider":"osm","resource":"planet","version":"2026-08-02T00:00:00.000Z"}],"is_underground":false,"num_floors":9,"subtype":"residential","class":"apartments","roof_shape":"flat","has_parts":false,"version":2}},
{"id":"1b237194-24e4-49ab-ad2a-2f9d3f45bf91","type":"Feature","geometry":{"type":"Polygon","coordinates":[[[26.1326044,44.4280691],[26.1322468,44.4278412],[26.1323837,44.4277332],[26.1324355,44.4277687],[26.1324771,44.4277591],[26.1326097,44.4278462],[26.1325856,44.4278672],[26.1326446,44.427895],[26.1326298,44.4279112],[26.1326794,44.4279438],[26.1327391,44.427913],[26.132839,44.4279855],[26.1328141,44.4280036],[26.1328402,44.4280242],[26.1327612,44.4280845],[26.1327437,44.4280797],[26.1327183,44.4280988],[26.132662,44.4280979],[26.1326044,44.4280691]]]},"properties":{"names":{"primary":"Bl. S9","common":null,"rules":null},"sources":[{"property":"","dataset":"OpenStreetMap","license":"ODbL-1.0","record_id":"w245158187@7","update_time":"2022-05-02T08:36:06.000Z","confidence":null,"between":null,"provider":"osm","resource":"planet","version":"2026-08-02T00:00:00.000Z"}],"is_underground":false,"num_floors":8,"subtype":"residential","class":"apartments","roof_shape":"flat","has_parts":false,"version":1}},
{"id":"39f5cb66-ae2b-4d63-a1b2-b78f6e80fcda","type":"Feature","geometry":{"type":"Polygon","coordinates":[[[26.1332805,44.4277106],[26.1328997,44.4279685],[26.132839,44.4279855],[26.1327391,44.427913],[26.1328938,44.4278095],[26.1329259,44.4278306],[26.1330918,44.4277206],[26.1330329,44.4276724],[26.1331511,44.4276036],[26.1332805,44.4277106]]]},"properties":{"names":{"primary":"Bloc B7","common":null,"rules":null},"sources":[{"property":"","dataset":"OpenStreetMap","license":"ODbL-1.0","record_id":"w75126996@12","update_time":"2024-05-05T19:15:47.000Z","confidence":null,"between":null,"provider":"osm","resource":"planet","version":"2026-08-02T00:00:00.000Z"}],"is_underground":false,"num_floors":5,"subtype":"residential","class":"apartments","roof_shape":"flat","has_parts":false,"version":1}},
{"id":"ea19d41c-9771-44bf-a563-899a63b174b7","type":"Feature","geometry":{"type":"Polygon","coordinates":[[[26.1316562,44.4282983],[26.1311863,44.428009],[26.1313519,44.427871],[26.1318215,44.42816],[26.1316562,44.4282983]]]},"properties":{"names":{"primary":"Bl. S12A","common":null,"rules":null},"sources":[{"property":"","dataset":"OpenStreetMap","license":"ODbL-1.0","record_id":"w245158185@7","update_time":"2022-05-02T08:36:06.000Z","confidence":null,"between":null,"provider":"osm","resource":"planet","version":"2026-08-02T00:00:00.000Z"}],"is_underground":false,"num_floors":9,"subtype":"residential","class":"apartments","roof_shape":"flat","has_parts":false,"version":1}},
{"id":"1615cf2b-18af-4fea-b03a-770f2ae219cb","type":"Feature","geometry":{"type":"Polygon","coordinates":[[[26.1313519,44.427871],[26.1311863,44.428009],[26.1307346,44.427731],[26.1309008,44.4275933],[26.1313519,44.427871]]]},"properties":{"names":{"primary":"Bl. S12B","common":null,"rules":null},"sources":[{"property":"","dataset":"OpenStreetMap","license":"ODbL-1.0","record_id":"w84207691@6","update_time":"2026-07-23T08:12:28.000Z","confidence":null,"between":null,"provider":"osm","resource":"planet","version":"2026-08-02T00:00:00.000Z"}],"is_underground":false,"num_floors":9,"subtype":"residential","class":"apartments","roof_shape":"flat","has_parts":false,"version":1}},
{"id":"c0355bff-da8e-4e3e-93f1-8601c4e14c3e","type":"Feature","geometry":{"type":"Polygon","coordinates":[[[26.1306011,44.4281692],[26.1303558,44.4280233],[26.1305361,44.4278687],[26.1306457,44.4279339],[26.1305562,44.4280106],[26.1307804,44.4281439],[26.1307537,44.4281668],[26.1309269,44.4282699],[26.1310149,44.4281944],[26.1311202,44.4282571],[26.1309418,44.4284099],[26.130575,44.4281916],[26.1306011,44.4281692]]]},"properties":{"names":{"primary":"Bl. S28","common":null,"rules":null},"sources":[{"property":"","dataset":"OpenStreetMap","license":"ODbL-1.0","record_id":"w85321713@10","update_time":"2026-01-29T08:11:50.000Z","confidence":null,"between":null,"provider":"osm","resource":"planet","version":"2026-08-02T00:00:00.000Z"}],"is_underground":false,"num_floors":9,"subtype":"residential","class":"apartments","roof_shape":"flat","has_parts":false,"version":1}},
{"id":"fbf912e1-810a-40f3-afa4-2c1dab03118a","type":"Feature","geometry":{"type":"Polygon","coordinates":[[[26.1304191,44.4282836],[26.1302129,44.4284294],[26.1301121,44.4283567],[26.1303183,44.4282109],[26.1304191,44.4282836]]]},"properties":{"sources":[{"property":"","dataset":"OpenStreetMap","license":"ODbL-1.0","record_id":"w340071214@7","update_time":"2022-05-02T08:36:06.000Z","confidence":null,"between":null,"provider":"osm","resource":"planet","version":"2026-08-02T00:00:00.000Z"}],"is_underground":false,"num_floors":6,"subtype":"residential","class":"apartments","roof_shape":"flat","has_parts":false,"version":1}},
{"id":"5096013e-6dbb-4611-b2cd-57ecb5b6e698","type":"Feature","geometry":{"type":"Polygon","coordinates":[[[26.1301159,44.4277988],[26.1299981,44.4277175],[26.1301363,44.4276127],[26.1301559,44.4276261],[26.1302164,44.4275819],[26.1302902,44.4276357],[26.1302454,44.4276738],[26.1302925,44.4277041],[26.130174,44.4277955],[26.1301159,44.4277988]]]},"properties":{"sources":[{"property":"","dataset":"OpenStreetMap","license":"ODbL-1.0","record_id":"w179309039@7","update_time":"2022-05-02T08:36:06.000Z","confidence":null,"between":null,"provider":"osm","resource":"planet","version":"2026-08-02T00:00:00.000Z"}],"is_underground":false,"num_floors":2,"subtype":"residential","class":"apartments","roof_shape":"hipped","has_parts":false,"version":1}},
{"id":"3521f492-f97b-4bb6-9601-8ad3f4793980","type":"Feature","geometry":{"type":"Polygon","coordinates":[[[26.1300236,44.4281714],[26.129948,44.4281223],[26.130099,44.4280037],[26.1301747,44.4280528],[26.1300236,44.4281714]]]},"properties":{"sources":[{"property":"","dataset":"OpenStreetMap","license":"ODbL-1.0","record_id":"w430614548@4","update_time":"2021-05-06T08:12:15.000Z","confidence":null,"between":null,"provider":"osm","resource":"planet","version":"2026-08-02T00:00:00.000Z"}],"is_underground":false,"num_floors":2,"subtype":"industrial","class":"industrial","roof_shape":"flat","has_parts":false,"version":1}},
{"id":"fe873af8-ada4-49f3-b950-1b40fe714f6c","type":"Feature","geometry":{"type":"Polygon","coordinates":[[[26.1297782,44.4280192],[26.1295956,44.4279011],[26.1297583,44.4277727],[26.1299409,44.4278907],[26.1297782,44.4280192]]]},"properties":{"sources":[{"property":"","dataset":"OpenStreetMap","license":"ODbL-1.0","record_id":"w1229513497@1","update_time":"2023-12-07T19:12:21.000Z","confidence":null,"between":null,"provider":"osm","resource":"planet","version":"2026-08-02T00:00:00.000Z"}],"is_underground":false,"has_parts":false,"version":1}},
{"id":"d4c7000c-f314-4df2-b721-69f0c7dfa127","type":"Feature","geometry":{"type":"Polygon","coordinates":[[[26.1301041,44.4275976],[26.1299597,44.4277052],[26.129827,44.4276301],[26.1298474,44.4276071],[26.1298647,44.4276093],[26.1298859,44.4275942],[26.1298749,44.4275875],[26.1299502,44.4275342],[26.1300193,44.427574],[26.1300554,44.427546],[26.1300908,44.4275656],[26.1300837,44.4275841],[26.1301041,44.4275976]]]},"properties":{"sources":[{"property":"","dataset":"OpenStreetMap","license":"ODbL-1.0","record_id":"w179309031@7","update_time":"2022-05-02T08:36:06.000Z","confidence":null,"between":null,"provider":"osm","resource":"planet","version":"2026-08-02T00:00:00.000Z"}],"is_underground":false,"num_floors":2,"subtype":"residential","class":"apartments","roof_shape":"hipped","has_parts":false,"version":1}},
{"id":"cdbc9c64-9a2b-45e0-ae8a-c03c2ffcd60b","type":"Feature","geometry":{"type":"Polygon","coordinates":[[[26.1294232,44.4277526],[26.1293999,44.4277394],[26.1295329,44.4276201],[26.1297188,44.4277258],[26.1296818,44.427759],[26.1296258,44.4277272],[26.1295859,44.427763],[26.1295151,44.4277228],[26.1294712,44.4277622],[26.1294353,44.4277418],[26.1294232,44.4277526]]]},"properties":{"sources":[{"property":"","dataset":"OpenStreetMap","license":"ODbL-1.0","record_id":"w1472194008@1","update_time":"2026-01-29T08:11:50.000Z","confidence":null,"between":null,"provider":"osm","resource":"planet","version":"2026-08-02T00:00:00.000Z"}],"is_underground":false,"has_parts":false,"version":2}},
{"id":"c8703e31-f764-43b1-8003-94e4ce5398cb","type":"Feature","geometry":{"type":"Polygon","coordinates":[[[26.1293857,44.4278646],[26.1293419,44.4278425],[26.1294369,44.427752],[26.1295023,44.4277886],[26.1294464,44.4278396],[26.1294241,44.4278271],[26.1293857,44.4278646]]]},"properties":{"sources":[{"property":"","dataset":"OpenStreetMap","license":"ODbL-1.0","record_id":"w1472194009@1","update_time":"2026-01-29T08:11:50.000Z","confidence":null,"between":null,"provider":"osm","resource":"planet","version":"2026-08-02T00:00:00.000Z"}],"is_underground":false,"has_parts":false,"version":1}},
{"id":"514ab23c-00bd-4757-8fdd-ace171766ebc","type":"Feature","geometry":{"type":"Polygon","coordinates":[[[26.1294874,44.4279856],[26.1294015,44.4279629],[26.1294524,44.4278729],[26.1295651,44.4279169],[26.1297823,44.4280625],[26.1296724,44.4281487],[26.129584,44.4280814],[26.1294874,44.4279856]]]},"properties":{"sources":[{"property":"","dataset":"OpenStreetMap","license":"ODbL-1.0","record_id":"w430614540@1","update_time":"2017-06-03T19:56:40.000Z","confidence":null,"between":null,"provider":"osm","resource":"planet","version":"2026-08-02T00:00:00.000Z"}],"is_underground":false,"has_parts":false,"version":1}},
{"id":"b1ccfb31-f8dc-490c-a592-650f57e63583","type":"Feature","geometry":{"type":"Polygon","coordinates":[[[26.1295682,44.4282824],[26.1293483,44.4282422],[26.1294235,44.4280389],[26.129622,44.4282151],[26.1295682,44.4282824]]]},"properties":{"sources":[{"property":"","dataset":"OpenStreetMap","license":"ODbL-1.0","record_id":"w430614547@1","update_time":"2026-01-29T08:11:50.000Z","confidence":null,"between":null,"provider":"osm","resource":"planet","version":"2026-08-02T00:00:00.000Z"}],"is_underground":false,"has_parts":false,"version":2}},
{"id":"6e2c416d-e41b-4265-8d22-56286e67b721","type":"Feature","geometry":{"type":"Polygon","coordinates":[[[26.1299399,44.4284247],[26.1298531,44.428393],[26.129882,44.4283527],[26.129826,44.4283322],[26.1298825,44.4282536],[26.1300252,44.4283059],[26.1299399,44.4284247]]]},"properties":{"sources":[{"property":"","dataset":"OpenStreetMap","license":"ODbL-1.0","record_id":"w1472194014@1","update_time":"2026-01-29T08:11:50.000Z","confidence":null,"between":null,"provider":"osm","resource":"planet","version":"2026-08-02T00:00:00.000Z"}],"is_underground":false,"has_parts":false,"version":4}}]}